Time	Inst Time	Quantity	Trgt/ZrVl/Thr (WG)	Info/CrctDir	Angle	Velocity	Accel	0	10	20	30	40	50	60	70	80	90	100	110	120	130	140	150	160	170	180	190	200	210	220	230	240	250	260	270	280	290	300	310	320	330	340	350	360	370	380	390	400	410	420	430	440	450	460	470	480	490	500	510	520	530	540	550	560	570	580	590	600	610	620	630	640	650	660	670	680	690	700	710	720	730	740	750	760	770	780	790	800	810	820	830	840	850	860	870	880	890	900	910	920	930	940	950	960	970	980	990	1000
2740	0	Ang	TargetIdx=11		-3.28
2740	0	Vel	Zero=11	0		114.29
2740	0	Accel	Thrust=3 (1)	1			-9.65	-2.97
2740	0			V=N HOLD_ANGLE_TVR Seg=-3.28 Targ=-11.83 Vel=114.29 TVR=0.20 Thrust=-5 IncAngDir=1
2750	10	Ang	TargetIdx=85		-2.40
2750	10	Vel	Zero=-1	0		88.81
2750	10	Accel	Thrust=-5 (1)	1			-25.47	-11.31
2750	10			V=N HOLD_ANGLE_TVR Seg=-2.40 Targ=-11.83 Vel=88.81 TVR=0.20 Thrust=-5 IncAngDir=1
2760	20	Ang	TargetIdx=93		-1.85
2760	20	Vel	Zero=10	0		55.07
2760	20	Accel	Thrust=-5 (1)	1			-33.74	-22.95
2760	20			V=N HOLD_ANGLE_TVR Seg=-1.85 Targ=-11.83 Vel=55.07 TVR=0.20 Thrust=-5 IncAngDir=1
2770	30	Ang	TargetIdx=20		-1.72
2770	30	Vel	Zero=-1	0		12.74
2770	30	Accel	Thrust=-5 (1)	1			-42.34	-33.85
2770	30			V=N HOLD_ANGLE_TVR Seg=-1.72 Targ=-11.83 Vel=12.74 TVR=0.20 Thrust=-2 IncAngDir=1
2780	40	Ang	TargetIdx=44		-1.95
2780	40	Vel	Zero=-1 Min=100 Max=0	1		-22.74
2780	40	Accel	Thrust=-2 (1)	1			-35.48	-37.19
2780	40			Dec: Targ<100 Zero>100 V=Y A=Y V>Min Need=-1 ThrDirCrt=1
2790	50	Ang	TargetIdx=22		-2.39
2790	50	Vel	Zero=-1 Min=100 Max=0	1		-43.98
2790	50	Accel	Thrust=-1 (1)	1			-21.24	-33.02
2790	50			BRAKE Thrust=0 or reverse: Targ<=40 V*5>Targ
2800	60	Ang	TargetIdx=14		-3.02
2800	60	Vel	Zero=-1 Min=100 Max=0	1		-63.48
2800	60	Accel	Thrust=0 (1)	1			-19.50	-25.40
2800	60			BRAKE Thrust=0 or reverse: Targ<=40 V*5>Targ
2810	70	Ang	TargetIdx=11		-3.78
2810	70	Vel	Zero=-1 Min=100 Max=0	1		-75.51
2810	70	Accel	Thrust=1 (1)	1			-12.03	-17.59
2810	70			BRAKE Thrust=0 or reverse: Targ<=40 V*5>Targ
2820	80	Ang	TargetIdx=10		-4.56
2820	80	Vel	Zero=-1 Min=100 Max=0	1		-78.07
2820	80	Accel	Thrust=2 (1)	1			-2.56	-11.36
2820	80			BRAKE Thrust=0 or reverse: Targ<=40 V*5>Targ
2830	90	Ang	TargetIdx=9		-5.29
2830	90	Vel	Zero=15 Min=14 Max=0	1		-72.93
2830	90	Accel	Thrust=3 (1)	0			5.15	-3.15
2830	90			BRAKE Thrust=0 or reverse: Targ<=40 V*5>Targ
2840	100	Ang	TargetIdx=10		-5.89
2840	100	Vel	Zero=5 Min=5 Max=0	1		-60.42
2840	100	Accel	Thrust=4 (1)	0			12.50	5.03
2840	100			BRAKE Thrust=0 or reverse: Targ<=40 V*5>Targ
2850	110	Ang	TargetIdx=13		-6.34
2850	110	Vel	Zero=3 Min=3 Max=0	1		-44.94
2850	110	Accel	Thrust=5 (1)	0			15.48	11.04
2850	110			BRAKE Thrust=0 or reverse: Targ<=40 V*5>Targ
2860	120	Ang	TargetIdx=16		-6.68
2860	120	Vel	Zero=4 Min=3 Max=0	1		-33.98
2860	120	Accel	Thrust=5 (1)	0			10.96	12.98
2860	120			BRAKE Thrust=0 or reverse: Targ<=40 V*5>Targ
2870	130	Ang	TargetIdx=21		-6.92
2870	130	Vel	Zero=3 Min=2 Max=0	1		-23.97
2870	130	Accel	Thrust=5 (1)	0			10.02	12.15
2870	130			BRAKE Thrust=0 or reverse: Targ<=40 V*5>Targ
2880	140	Ang	TargetIdx=33		-7.07
2880	140	Vel	Zero=2 Min=2 Max=0	1		-14.78
2880	140	Accel	Thrust=5 (1)	0			9.18	10.05
2890	150	Ang	TargetIdx=24		-7.26
2890	150	Vel	Zero=-1 Min=100 Max=0	1		-19.68
2890	150	Accel	Thrust=5 (1)	1			-4.89	4.77
2890	150			BRAKE Thrust=0 or reverse: Targ<=40 V*5>Targ
2900	160	Ang	TargetIdx=20		-7.49
2900	160	Vel	Zero=-1 Min=100 Max=0	1		-22.62
2900	160	Accel	Thrust=5 (1)	1			-2.94	0.45
2900	160			BRAKE Thrust=0 or reverse: Targ<=40 V*5>Targ
2910	170	Ang	TargetIdx=15		-7.78
2910	170	Vel	Zero=-1 Min=100 Max=0	1		-28.78
2910	170	Accel	Thrust=5 (1)	1			-6.16	-4.66
2910	170			BRAKE Thrust=0 or reverse: Targ<=40 V*5>Targ
2920	180	Ang	TargetIdx=13		-8.08
2920	180	Vel	Zero=-1 Min=100 Max=0	1		-30.36
2920	180	Accel	Thrust=5 (1)	1			-1.58	-3.56
2920	180			BRAKE Thrust=0 or reverse: Targ<=40 V*5>Targ
2930	190	Ang	TargetIdx=11		-8.40
2930	190	Vel	Zero=-1 Min=100 Max=0	1		-31.68
2930	190	Accel	Thrust=5 (1)	1			-1.32	-3.02
2930	190			BRAKE Thrust=0 or reverse: Targ<=40 V*5>Targ
2940	200	Ang	TargetIdx=9		-8.78
2940	200	Vel	Zero=-1 Min=100 Max=0	1		-38.03
2940	200	Accel	Thrust=5 (1)	1			-6.35	-3.08
2940	200			BRAKE Thrust=0 or reverse: Targ<=40 V*5>Targ
2950	210	Ang	TargetIdx=8		-9.14
2950	210	Vel	Zero=26 Min=22 Max=0	1		-36.58
2950	210	Accel	Thrust=5 (1)	0			1.45	-2.07
2950	210			BRAKE Thrust=0 or reverse: Targ<=40 V*5>Targ
2960	220	Ang	TargetIdx=8		-9.45
2960	220	Vel	Zero=6 Min=5 Max=0	1		-30.57
2960	220	Accel	Thrust=5 (1)	0			6.01	0.37
2960	220			BRAKE Thrust=0 or reverse: Targ<=40 V*5>Targ
2970	230	Ang	TargetIdx=8		-9.73
2970	230	Vel	Zero=15 Min=12 Max=0	1		-28.55
2970	230	Accel	Thrust=5 (1)	0			2.02	3.16
2970	230			BRAKE Thrust=0 or reverse: Targ<=40 V*5>Targ
2980	240	Ang	TargetIdx=7		-10.02
2980	240	Vel	Zero=-1 Min=100 Max=0	1		-28.36
2980	240	Accel	Thrust=5 (1)	0			0.19	2.74
2980	240			V=Y OPPOSE_MOTION_IN_RANGE Seg=-10.02 Targ=-11.83 Vel=-28.36 TVR=0.20 Thrust=5 IncAngDir=1
2990	250	Ang	TargetIdx=6		-10.30
2990	250	Vel	Zero=45 Min=37 Max=0	1		-27.74
2990	250	Accel	Thrust=5 (1)	0			0.63	0.94
2990	250			V=Y OPPOSE_MOTION_IN_RANGE Seg=-10.30 Targ=-11.83 Vel=-27.74 TVR=0.20 Thrust=5 IncAngDir=1
3000	260	Ang	TargetIdx=5		-10.56
3000	260	Vel	Zero=16 Min=13 Max=0	1		-26.04
3000	260	Accel	Thrust=5 (1)	0			1.69	0.84
3000	260			V=Y OPPOSE_MOTION_IN_RANGE Seg=-10.56 Targ=-11.83 Vel=-26.04 TVR=0.20 Thrust=5 IncAngDir=1
3010	270	Ang	TargetIdx=4		-10.83
3010	270	Vel	Zero=-1 Min=100 Max=0	1		-27.74
3010	270	Accel	Thrust=5 (1)	1			-1.70	0.21
3010	270			V=Y OPPOSE_MOTION_IN_RANGE Seg=-10.83 Targ=-11.83 Vel=-27.74 TVR=0.20 Thrust=5 IncAngDir=1
3020	280	Ang	TargetIdx=3		-11.08
3020	280	Vel	Zero=10 Min=8 Max=0	1		-25.07
3020	280	Accel	Thrust=5 (1)	0			2.68	0.89
3020	280			V=Y OPPOSE_MOTION_IN_RANGE Seg=-11.08 Targ=-11.83 Vel=-25.07 TVR=0.20 Thrust=5 IncAngDir=1
3030	290	Ang	TargetIdx=2		-11.34
3030	290	Vel	Zero=-1 Min=100 Max=0	1		-25.36
3030	290	Accel	Thrust=5 (1)	1			-0.29	0.23
3030	290			V=Y OPPOSE_MOTION_IN_RANGE Seg=-11.34 Targ=-11.83 Vel=-25.36 TVR=0.20 Thrust=5 IncAngDir=1
3040	300	Ang	TargetIdx=2		-11.55
3040	300	Vel	Zero=6 Min=5 Max=0	1		-21.49
3040	300	Accel	Thrust=5 (1)	0			3.87	2.09
3040	300			V=Y OPPOSE_MOTION_IN_RANGE Seg=-11.55 Targ=-11.83 Vel=-21.49 TVR=0.20 Thrust=4 IncAngDir=1
3050	310	Ang	TargetIdx=1		-11.80
3050	310	Vel	Zero=-1 Min=100 Max=0	1		-24.73
3050	310	Accel	Thrust=4 (1)	1			-3.24	0.11
3050	310			V=Y OPPOSE_MOTION_IN_RANGE Seg=-11.80 Targ=-11.83 Vel=-24.73 TVR=0.20 Thrust=4 IncAngDir=1
3060	320	Ang	TargetIdx=11		-12.09
3060	320	Vel	Zero=11	0		-29.50
3060	320	Accel	Thrust=4 (0)	0			-4.77	-1.38
3060	320			V=N HOLD_ANGLE_TVR Seg=-12.09 Targ=-11.83 Vel=-29.50 TVR=0.20 Thrust=5 IncAngDir=1
3070	330	Ang	TargetIdx=11		-12.46
3070	330	Vel	Zero=19	0		-36.04
3070	330	Accel	Thrust=5 (0)	0			-6.54	-4.85
3070	330			V=N HOLD_ANGLE_TVR Seg=-12.46 Targ=-11.83 Vel=-36.04 TVR=0.20 Thrust=5 IncAngDir=1
3080	340	Ang	TargetIdx=-1		-12.85
3080	340	Vel	Zero=-1	0		-39.93
3080	340	Accel	Thrust=5 (0)	0			-3.89	-5.07
3080	340			V=N HOLD_ANGLE_TVR Seg=-12.85 Targ=-11.83 Vel=-39.93 TVR=0.20 Thrust=5 IncAngDir=1
3090	350	Ang	TargetIdx=8		-13.25
3090	350	Vel	Zero=-1	0		-39.83
3090	350	Accel	Thrust=5 (0)	1			0.10	-3.44
3090	350			V=N HOLD_ANGLE_TVR Seg=-13.25 Targ=-11.83 Vel=-39.83 TVR=0.20 Thrust=5 IncAngDir=1
3100	360	Ang	TargetIdx=6		-13.66
3100	360	Vel	Zero=-1	0		-40.68
3100	360	Accel	Thrust=5 (0)	0			-0.85	-1.54
3100	360			V=N HOLD_ANGLE_TVR Seg=-13.66 Targ=-11.83 Vel=-40.68 TVR=0.20 Thrust=5 IncAngDir=1
3110	370	Ang	TargetIdx=6		-14.11
3110	370	Vel	Zero=10	0		-45.15
3110	370	Accel	Thrust=5 (0)	0			-4.47	-1.74
3110	370			V=N HOLD_ANGLE_TVR Seg=-14.11 Targ=-11.83 Vel=-45.15 TVR=0.20 Thrust=5 IncAngDir=1
3120	380	Ang	TargetIdx=5		-14.58
3120	380	Vel	Zero=12	0		-47.29
3120	380	Accel	Thrust=5 (0)	0			-2.15	-2.49
3120	380			V=N HOLD_ANGLE_TVR Seg=-14.58 Targ=-11.83 Vel=-47.29 TVR=0.20 Thrust=5 IncAngDir=1
3130	390	Ang	TargetIdx=5		-15.05
3130	390	Vel	Zero=5	0		-46.58
3130	390	Accel	Thrust=5 (0)	1			0.71	-1.97
3130	390			V=N HOLD_ANGLE_TVR Seg=-15.05 Targ=-11.83 Vel=-46.58 TVR=0.20 Thrust=5 IncAngDir=1
3140	400	Ang	TargetIdx=5		-15.48
3140	400	Vel	Zero=5	0		-43.20
3140	400	Accel	Thrust=5 (0)	1			3.38	0.65
3140	400			V=N HOLD_ANGLE_TVR Seg=-15.48 Targ=-11.83 Vel=-43.20 TVR=0.20 Thrust=5 IncAngDir=1
3150	410	Ang	TargetIdx=34		-15.84
3150	410	Vel	Zero=-1	0		-35.81
3150	410	Accel	Thrust=5 (0)	1			7.40	3.83
3150	410			V=N HOLD_ANGLE_TVR Seg=-15.84 Targ=-11.83 Vel=-35.81 TVR=0.20 Thrust=5 IncAngDir=1
3160	420	Ang	TargetIdx=14		-16.22
3160	420	Vel	Zero=-1	0		-38.50
3160	420	Accel	Thrust=5 (0)	0			-2.69	2.69
3160	420			V=N HOLD_ANGLE_TVR Seg=-16.22 Targ=-11.83 Vel=-38.50 TVR=0.20 Thrust=5 IncAngDir=1
3170	430	Ang	TargetIdx=6		-16.58
3170	430	Vel	Zero=-1	0		-35.02
3170	430	Accel	Thrust=5 (0)	1			3.48	2.73
3170	430			V=N HOLD_ANGLE_TVR Seg=-16.58 Targ=-11.83 Vel=-35.02 TVR=0.20 Thrust=5 IncAngDir=1
3180	440	Ang	TargetIdx=4		-16.89
3180	440	Vel	Zero=-1	0		-31.32
3180	440	Accel	Thrust=5 (0)	1			3.69	1.49
3180	440			V=N HOLD_ANGLE_TVR Seg=-16.89 Targ=-11.83 Vel=-31.32 TVR=0.20 Thrust=5 IncAngDir=1
3190	450	Ang	TargetIdx=2		-17.13
3190	450	Vel	Zero=-1	0		-23.91
3190	450	Accel	Thrust=5 (0)	1			7.41	4.86
3190	450			V=N HOLD_ANGLE_TVR Seg=-17.13 Targ=-11.83 Vel=-23.91 TVR=0.20 Thrust=4 IncAngDir=1
3200	460	Ang	TargetIdx=2		-17.41
3200	460	Vel	Zero=2	0		-28.00
3200	460	Accel	Thrust=4 (0)	0			-4.09	2.34
3200	460			V=N HOLD_ANGLE_TVR Seg=-17.41 Targ=-11.83 Vel=-28.00 TVR=0.20 Thrust=5 IncAngDir=1
3210	470	Ang	TargetIdx=2		-17.79
3210	470	Vel	Zero=2	0		-38.17
3210	470	Accel	Thrust=5 (0)	0			-10.17	-2.28
3210	470			V=N HOLD_ANGLE_TVR Seg=-17.79 Targ=-11.83 Vel=-38.17 TVR=0.20 Thrust=5 IncAngDir=1
3220	480	Ang	TargetIdx=95		-18.16
3220	480	Vel	Zero=-1	0		-36.66
3220	480	Accel	Thrust=5 (0)	1			1.51	-4.25
3220	480			V=N HOLD_ANGLE_TVR Seg=-18.16 Targ=-11.83 Vel=-36.66 TVR=0.20 Thrust=5 IncAngDir=1
3230	490	Ang	TargetIdx=-1		-18.66
3230	490	Vel	Zero=2	0		-50.31
3230	490	Accel	Thrust=5 (0)	0			-13.65	-7.44
3230	490			V=N HOLD_ANGLE_TVR Seg=-18.66 Targ=-11.83 Vel=-50.31 TVR=0.20 Thrust=5 IncAngDir=1
3240	500	Ang	TargetIdx=-1		-20.03
3240	500	Vel	Zero=2	0		-71.63
3240	500	Accel	Thrust=5 (0)	0			-6.10	-6.08
3240	500			V=N HOLD_ANGLE_TVR Seg=-20.03 Targ=-11.83 Vel=-71.63 TVR=0.20 Thrust=5 IncAngDir=1
3253	513	Ang	TargetIdx=96		-20.81
3253	513	Vel	Zero=-1	0		-77.58
3253	513	Accel	Thrust=5 (0)	0			-5.95	-8.57
3253	513			V=N HOLD_ANGLE_TVR Seg=-20.81 Targ=-11.83 Vel=-77.58 TVR=0.20 Thrust=5 IncAngDir=1
3263	523	Ang	TargetIdx=96		-21.56
3263	523	Vel	Zero=-1	0		-74.94
3263	523	Accel	Thrust=5 (0)	1			2.64	-3.14
3263	523			V=N HOLD_ANGLE_TVR Seg=-21.56 Targ=-11.83 Vel=-74.94 TVR=0.20 Thrust=5 IncAngDir=1
3273	533	Ang	TargetIdx=96		-22.15
3273	533	Vel	Zero=-1	0		-59.65
3273	533	Accel	Thrust=5 (0)	1			15.30	3.99
3273	533			V=N HOLD_ANGLE_TVR Seg=-22.15 Targ=-11.83 Vel=-59.65 TVR=0.20 Thrust=5 IncAngDir=1
3283	543	Ang	TargetIdx=96		-22.63
3283	543	Vel	Zero=-1	0		-47.49
3283	543	Accel	Thrust=5 (0)	1			12.16	10.03
3283	543			V=N HOLD_ANGLE_TVR Seg=-22.63 Targ=-11.83 Vel=-47.49 TVR=0.20 Thrust=5 IncAngDir=1
3293	553	Ang	TargetIdx=96		-22.91
3293	553	Vel	Zero=-1	0		-28.35
3293	553	Accel	Thrust=5 (0)	1			19.14	15.53
3293	553			V=N HOLD_ANGLE_TVR Seg=-22.91 Targ=-11.83 Vel=-28.35 TVR=0.20 Thrust=5 IncAngDir=1
3303	563	Ang	TargetIdx=96		-22.94
3303	563	Vel	Zero=-1	0		-2.67
3303	563	Accel	Thrust=5 (0)	1			25.68	18.99
3303	563			V=N HOLD_ANGLE_TVR Seg=-22.94 Targ=-11.83 Vel=-2.67 TVR=0.20 Thrust=0 IncAngDir=1
3313	573	Ang	TargetIdx=65		-22.77
3313	573	Vel	Zero=-1 Min=100 Max=0	1		16.87
3313	573	Accel	Thrust=0 (0)	1			19.53	21.45
3313	573			Dec: Targ<100 Zero>100 V=Y A=Y V>Min Need=9 ThrDirCrt=0
3323	583	Ang	TargetIdx=43		-22.52
3323	583	Vel	Zero=-1 Min=100 Max=0	1		25.16
3323	583	Accel	Thrust=-1 (0)	1			8.30	17.84
3323	583			Dec: Targ<100 Zero>100 V=Y A=Y V>Min Need=9 ThrDirCrt=0
3334	594	Ang	TargetIdx=34		-22.21
3334	594	Vel	Zero=-1 Min=100 Max=0	1		30.94
3334	594	Accel	Thrust=-2 (0)	1			5.78	11.20
3334	594			Dec: Targ<100 Zero>100 V=Y A=Y V>Min Need=9 ThrDirCrt=0
3343	603	Ang	TargetIdx=30		-21.87
3343	603	Vel	Zero=-1 Min=100 Max=0	1		33.91
3343	603	Accel	Thrust=-3 (0)	1			2.97	5.68
3343	603			Dec: Targ<100 Zero>100 V=Y A=Y V>Min Need=9 ThrDirCrt=0
3353	613	Ang	TargetIdx=30		-21.89
3353	613	Vel	Zero=-1	0		-1.96
3353	613	Accel	Thrust=-4 (0)	0			-35.87	-9.04
3353	613			V=N HOLD_ANGLE_TVR Seg=-21.89 Targ=-11.83 Vel=-1.96 TVR=0.20 Thrust=0 IncAngDir=1
3364	624	Ang	TargetIdx=30		-22.26
3364	624	Vel	Zero=-1	0		-37.02
3364	624	Accel	Thrust=0 (0)	0			-35.06	-22.65
3364	624			V=N HOLD_ANGLE_TVR Seg=-22.26 Targ=-11.83 Vel=-37.02 TVR=0.20 Thrust=5 IncAngDir=1
3374	634	Ang	TargetIdx=30		-22.88
3374	634	Vel	Zero=-1	0		-61.91
3374	634	Accel	Thrust=5 (0)	0			-24.89	-31.94
3374	634			V=N HOLD_ANGLE_TVR Seg=-22.88 Targ=-11.83 Vel=-61.91 TVR=0.20 Thrust=5 IncAngDir=1
3383	643	Ang	TargetIdx=67		-23.63
3383	643	Vel	Zero=-1	0		-74.81
3383	643	Accel	Thrust=5 (0)	0			-12.90	-24.28
3383	643			V=N HOLD_ANGLE_TVR Seg=-23.63 Targ=-11.83 Vel=-74.81 TVR=0.20 Thrust=5 IncAngDir=1
3393	653	Ang	TargetIdx=-1		-24.01
3393	653	Vel	Zero=-1	0		-38.78
3393	653	Accel	Thrust=5 (0)	1			36.03	-0.59
3393	653			V=N HOLD_ANGLE_TVR Seg=-24.01 Targ=-11.83 Vel=-38.78 TVR=0.20 Thrust=5 IncAngDir=1
3403	663	Ang	TargetIdx=35		-24.74
3403	663	Vel	Zero=-1	0		-72.67
3403	663	Accel	Thrust=5 (0)	0			-33.89	-3.59
3403	663			V=N HOLD_ANGLE_TVR Seg=-24.74 Targ=-11.83 Vel=-72.67 TVR=0.20 Thrust=5 IncAngDir=1
3413	673	Ang	TargetIdx=27		-25.33
3413	673	Vel	Zero=-1	0		-59.33
3413	673	Accel	Thrust=5 (0)	1			13.34	5.16
3413	673			V=N HOLD_ANGLE_TVR Seg=-25.33 Targ=-11.83 Vel=-59.33 TVR=0.20 Thrust=5 IncAngDir=1
3423	683	Ang	TargetIdx=32		-25.78
3423	683	Vel	Zero=5	0		-44.83
3423	683	Accel	Thrust=5 (0)	1			14.50	-2.02
3423	683			V=N HOLD_ANGLE_TVR Seg=-25.78 Targ=-11.83 Vel=-44.83 TVR=0.20 Thrust=5 IncAngDir=1
3433	693	Ang	TargetIdx=41		-26.17
3433	693	Vel	Zero=4	0		-39.03
3433	693	Accel	Thrust=5 (0)	1			5.79	11.21
3433	693			V=N HOLD_ANGLE_TVR Seg=-26.17 Targ=-11.83 Vel=-39.03 TVR=0.20 Thrust=5 IncAngDir=1
3443	703	Ang	TargetIdx=87		-26.49
3443	703	Vel	Zero=-1	0		-32.19
3443	703	Accel	Thrust=5 (0)	1			6.85	9.05
3443	703			V=N HOLD_ANGLE_TVR Seg=-26.49 Targ=-11.83 Vel=-32.19 TVR=0.20 Thrust=5 IncAngDir=1
3453	713	Ang	TargetIdx=-1		-26.59
3453	713	Vel	Zero=2	0		-9.43
3453	713	Accel	Thrust=5 (0)	1			22.76	11.80
3453	713			V=N HOLD_ANGLE_TVR Seg=-26.59 Targ=-11.83 Vel=-9.43 TVR=0.20 Thrust=1 IncAngDir=1
3464	724	Ang	TargetIdx=65		-26.63
3464	724	Vel	Zero=-1	0		-4.10
3464	724	Accel	Thrust=1 (0)	1			5.34	11.65
3464	724			V=N HOLD_ANGLE_TVR Seg=-26.63 Targ=-11.83 Vel=-4.10 TVR=0.20 Thrust=0 IncAngDir=1
3474	734			Thrust=0: V=N InRange !IsMoving
3483	743			Thrust=0: V=N InRange !IsMoving
3493	753	Ang	TargetIdx=-1		-26.71
3493	753	Vel	Zero=1	0		-8.32
3493	753	Accel	Thrust=0 (0)	0			-8.50	-1.41
3493	753			V=N HOLD_ANGLE_TVR Seg=-26.71 Targ=-11.83 Vel=-8.32 TVR=0.20 Thrust=1 IncAngDir=1
3504	764	Ang	TargetIdx=43		-26.90
3504	764	Vel	Zero=-1	0		-19.02
3504	764	Accel	Thrust=1 (0)	0			-10.69	-6.47
3504	764			V=N HOLD_ANGLE_TVR Seg=-26.90 Targ=-11.83 Vel=-19.02 TVR=0.20 Thrust=3 IncAngDir=1
3514	774	Ang	TargetIdx=40		-27.16
3514	774	Vel	Zero=-1	0		-26.23
3514	774	Accel	Thrust=3 (0)	0			-7.21	-8.80
3514	774			V=N HOLD_ANGLE_TVR Seg=-27.16 Targ=-11.83 Vel=-26.23 TVR=0.20 Thrust=5 IncAngDir=1
3524	784	Ang	TargetIdx=35		-27.46
3524	784	Vel	Zero=-1	0		-29.69
3524	784	Accel	Thrust=5 (0)	0			-3.46	-7.12
3524	784			V=N HOLD_ANGLE_TVR Seg=-27.46 Targ=-11.83 Vel=-29.69 TVR=0.20 Thrust=5 IncAngDir=1
3533	793	Ang	TargetIdx=26		-27.74
3533	793	Vel	Zero=-1	0		-28.83
3533	793	Accel	Thrust=5 (0)	1			0.86	-3.27
3533	793			V=N HOLD_ANGLE_TVR Seg=-27.74 Targ=-11.83 Vel=-28.83 TVR=0.20 Thrust=5 IncAngDir=1
3543	803	Ang	TargetIdx=26		-27.99
3543	803	Vel	Zero=24	0		-24.29
3543	803	Accel	Thrust=5 (0)	1			4.54	0.65
3543	803			V=N HOLD_ANGLE_TVR Seg=-27.99 Targ=-11.83 Vel=-24.29 TVR=0.20 Thrust=4 IncAngDir=1
3553	813	Ang	TargetIdx=26		-28.15
3553	813	Vel	Zero=23	0		-16.06
3553	813	Accel	Thrust=4 (0)	1			8.23	4.54
3553	813			V=N HOLD_ANGLE_TVR Seg=-28.15 Targ=-11.83 Vel=-16.06 TVR=0.20 Thrust=3 IncAngDir=1
3563	823	Ang	TargetIdx=28		-28.23
3563	823	Vel	Zero=8	0		-8.26
3563	823	Accel	Thrust=3 (0)	1			7.79	6.85
3563	823			V=N HOLD_ANGLE_TVR Seg=-28.23 Targ=-11.83 Vel=-8.26 TVR=0.20 Thrust=1 IncAngDir=1
3573	833	Ang	TargetIdx=35		-28.27
3573	833	Vel	Zero=4	0		-3.97
3573	833	Accel	Thrust=1 (0)	1			4.29	6.77
3573	833			V=N HOLD_ANGLE_TVR Seg=-28.27 Targ=-11.83 Vel=-3.97 TVR=0.20 Thrust=0 IncAngDir=1
3583	843	Ang	TargetIdx=-1		-28.26
3583	843	Vel	Zero=-1 Min=0 Max=2	1		1.28
3583	843	Accel	Thrust=0 (0)	1			5.25	5.78
3583	843			In between MaxV and MinV, Thrust=0: V=Y MaxVFI<5 MinVFI<5 T=N 
3593	853	Ang	TargetIdx=-1		-28.21
3593	853	Vel	Zero=-1 Min=0 Max=2	1		4.60
3593	853	Accel	Thrust=0 (0)	1			3.32	4.29
3593	853			In between MaxV and MinV, Thrust=0: V=Y MaxVFI<5 MinVFI<5 T=N 
3603	863	Ang	TargetIdx=-1		-28.13
3603	863	Vel	Zero=-1 Min=100 Max=1	1		8.38
3603	863	Accel	Thrust=0 (0)	1			3.79	4.12
3603	863			BRAKE MORE: Dec V=Y MaxVFI<5 T=N MinVFI>=5
3613	873	Ang	TargetIdx=-1		-27.97
3613	873	Vel	Zero=-1 Min=100 Max=0	1		15.62
3613	873	Accel	Thrust=-1 (0)	1			7.24	4.78
3613	873			INCREASE BRAKE Dec: V=Y V>MaxV T=N A=Y
3624	884	Ang	TargetIdx=79		-27.77
3624	884	Vel	Zero=-1 Min=100 Max=0	1		20.33
3624	884	Accel	Thrust=-2 (0)	1			4.71	5.24
3624	884			Dec: Targ<100 Zero>100 V=Y A=Y V>Min Need=9 ThrDirCrt=0
3633	893	Ang	TargetIdx=82		-27.58
3633	893	Vel	Zero=18 Min=13 Max=0	1		19.21
3633	893	Accel	Thrust=-3 (0)	0			-1.12	3.61
3643	903	Ang	TargetIdx=74		-27.36
3643	903	Vel	Zero=-1 Min=100 Max=0	1		21.16
3643	903	Accel	Thrust=-3 (0)	1			1.95	1.85
3643	903			Dec: Targ<100 Zero>100 V=Y A=Y V>Min Need=9 ThrDirCrt=0
3654	914	Ang	TargetIdx=61		-27.11
3654	914	Vel	Zero=-1 Min=100 Max=0	1		25.35
3654	914	Accel	Thrust=-4 (0)	1			4.19	1.67
3654	914			Dec: Targ<100 Zero>100 V=Y A=Y V>Min Need=9 ThrDirCrt=0
3664	924	Ang	TargetIdx=57		-26.85
3664	924	Vel	Zero=-1 Min=100 Max=0	1		26.52
3664	924	Accel	Thrust=-5 (0)	1			1.17	2.44
3664	924			Dec: Targ<100 Zero>100 V=Y A=Y V>Min Need=9 ThrDirCrt=0
3673	933	Ang	TargetIdx=64		-26.61
3673	933	Vel	Zero=8 Min=6 Max=0	1		23.26
3673	933	Accel	Thrust=-5 (0)	0			-3.26	0.70
3683	943	Ang	TargetIdx=89		-26.45
3683	943	Vel	Zero=3 Min=2 Max=0	1		16.48
3683	943	Accel	Thrust=-5 (0)	0			-6.79	-2.96
3693	953	Ang	TargetIdx=-1		-26.35
3693	953	Vel	Zero=2 Min=1 Max=100	1		9.45
3693	953	Accel	Thrust=-5 (0)	0			-7.03	-5.69
3693	953			STOP BRAKE & THRUST T=1: V=Y (A=N) T=N V>MinV but MinVFI<5
3703	963	Ang	TargetIdx=-1		-26.31
3703	963	Vel	Zero=1 Min=0 Max=100	1		3.97
3703	963	Accel	Thrust=1 (0)	0			-5.48	-6.43
3703	963			Inc: V=Y V<MinV T=Y A=N
3713	973	Ang	TargetIdx=-1		-26.28
3713	973	Vel	Zero=3 Min=0 Max=100	1		2.93
3713	973	Accel	Thrust=2 (0)	0			-1.04	-4.52
3713	973			Inc: V=Y V<MinV T=Y A=N
3724	984	Ang	TargetIdx=-1		-26.25
3724	984	Vel	Zero=-1 Min=0 Max=21	1		3.26
3724	984	Accel	Thrust=3 (0)	1			0.34	-2.06
3724	984			Inc: V=Y V<MinV T=Y A=Y A<MaxA
3734	994	Ang	TargetIdx=-1		-26.18
3734	994	Vel	Zero=-1 Min=100 Max=1	1		6.90
3734	994	Accel	Thrust=4 (0)	1			3.64	0.98
3734	994			START BRAKE Thrust=0: V=Y MaxVFI<5 T=Y 
3744	1004	Ang	TargetIdx=-1		-26.06
3744	1004	Vel	Zero=-1 Min=100 Max=0	1		12.46
3744	1004	Accel	Thrust=0 (0)	1			5.56	3.18
3744	1004			INCREASE BRAKE Dec: V=Y V>MaxV T=N A=Y
3753	1013	Ang	TargetIdx=80		-25.88
3753	1013	Vel	Zero=-1 Min=100 Max=0	1		17.64
3753	1013	Accel	Thrust=-1 (0)	1			5.18	4.79
3753	1013			Dec: Targ<100 Zero>100 V=Y A=Y V>Min Need=9 ThrDirCrt=0
3764	1024	Ang	TargetIdx=56		-25.63
3764	1024	Vel	Zero=-1 Min=100 Max=0	1		24.98
3764	1024	Accel	Thrust=-2 (0)	1			7.34	6.03
3764	1024			Dec: Targ<100 Zero>100 V=Y A=Y V>Min Need=9 ThrDirCrt=0
3773	1033	Ang	TargetIdx=47		-25.34
3773	1033	Vel	Zero=-1 Min=100 Max=0	1		29.14
3773	1033	Accel	Thrust=-3 (0)	1			4.16	5.56
3773	1033			Dec: Targ<100 Zero>100 V=Y A=Y V>Min Need=9 ThrDirCrt=0
3783	1043	Ang	TargetIdx=47		-25.06
3783	1043	Vel	Zero=42 Min=35 Max=0	1		28.46
3783	1043	Accel	Thrust=-4 (0)	0			-0.68	3.61
3793	1053	Ang	TargetIdx=46		-24.77
3793	1053	Vel	Zero=-1 Min=100 Max=0	1		28.73
3793	1053	Accel	Thrust=-4 (0)	1			0.27	1.25
3793	1053			Dec: Targ<100 Zero>100 V=Y A=Y V>Min Need=9 ThrDirCrt=0
3804	1064	Ang	TargetIdx=50		-24.51
3804	1064	Vel	Zero=8 Min=7 Max=0	1		25.47
3804	1064	Accel	Thrust=-5 (0)	0			-3.26	-1.22
3814	1074	Ang	TargetIdx=61		-24.31
3814	1074	Vel	Zero=5 Min=4 Max=0	1		20.74
3814	1074	Accel	Thrust=-5 (0)	0			-4.73	-2.57
3824	1084	Ang	TargetIdx=64		-24.11
3824	1084	Vel	Zero=14 Min=11 Max=0	1		19.32
3824	1084	Accel	Thrust=-5 (0)	0			-1.43	-3.14
3833	1093	Ang	TargetIdx=90		-23.98
3833	1093	Vel	Zero=3 Min=2 Max=0	1		13.57
3833	1093	Accel	Thrust=-5 (0)	0			-5.75	-3.97
3843	1103	Ang	TargetIdx=-1		-23.91
3843	1103	Vel	Zero=1 Min=1 Max=100	1		6.47
3843	1103	Accel	Thrust=-5 (0)	0			-7.10	-4.76
3843	1103			STOP BRAKE & THRUST T=1: V=Y (A=N) T=N V>MinV but MinVFI<5
3854	1114	Ang	TargetIdx=-1		-23.89
3854	1114	Vel	Zero=1 Min=0 Max=100	1		2.61
3854	1114	Accel	Thrust=1 (0)	0			-3.86	-5.57
3854	1114			Inc: V=Y V<MinV T=Y A=N
3864	1124			Thrust=0: V=N InRange !IsMoving
3874	1134			Thrust=0: V=N InRange !IsMoving
3883	1143	Ang	TargetIdx=-1		-23.82
3883	1143	Vel	Zero=-1 Min=100 Max=1	1		5.87
3883	1143	Accel	Thrust=0 (0)	1			6.21	1.09
3883	1143			BRAKE MORE: Dec V=Y MaxVFI<5 T=N MinVFI>=5
3894	1154	Ang	TargetIdx=97		-23.70
3894	1154	Vel	Zero=-1 Min=100 Max=0	1		12.32
3894	1154	Accel	Thrust=-1 (0)	1			6.45	3.84
3894	1154			Dec: Targ<100 Zero>100 V=Y A=Y V>Min Need=9 ThrDirCrt=0
3904	1164	Ang	TargetIdx=59		-23.50
3904	1164	Vel	Zero=-1 Min=100 Max=0	1		19.97
3904	1164	Accel	Thrust=-2 (0)	1			7.66	6.77
3904	1164			Dec: Targ<100 Zero>100 V=Y A=Y V>Min Need=9 ThrDirCrt=0
3914	1174	Ang	TargetIdx=36		-23.18
3914	1174	Vel	Zero=-1 Min=100 Max=0	1		32.34
3914	1174	Accel	Thrust=-3 (0)	1			12.37	8.82
3914	1174			Dec: Targ<100 Zero>100 V=Y A=Y V>Min Need=9 ThrDirCrt=0
3924	1184	Ang	TargetIdx=25		-22.73
3924	1184	Vel	Zero=-1 Min=100 Max=0	1		44.88
3924	1184	Accel	Thrust=-4 (0)	1			12.54	10.85
3924	1184			BRAKE Thrust=0 or reverse: Targ<=40 V*5>Targ
3934	1194	Ang	TargetIdx=20		-22.21
3934	1194	Vel	Zero=-1 Min=100 Max=0	1		52.09
3934	1194	Accel	Thrust=-5 (0)	1			7.21	10.70
3934	1194			BRAKE Thrust=0 or reverse: Targ<=40 V*5>Targ
3943	1203	Ang	TargetIdx=18		-21.65
3943	1203	Vel	Zero=-1 Min=100 Max=0	1		56.30
3943	1203	Accel	Thrust=-5 (0)	1			4.21	7.99
3943	1203			BRAKE Thrust=0 or reverse: Targ<=40 V*5>Targ
3954	1214	Ang	TargetIdx=17		-21.08
3954	1214	Vel	Zero=-1 Min=100 Max=0	1		56.64
3954	1214	Accel	Thrust=-5 (0)	1			0.34	3.92
3954	1214			BRAKE Thrust=0 or reverse: Targ<=40 V*5>Targ
3963	1223	Ang	TargetIdx=17		-20.56
3963	1223	Vel	Zero=10 Min=9 Max=0	1		51.40
3963	1223	Accel	Thrust=-5 (0)	0			-5.24	-0.23
3963	1223			BRAKE Thrust=0 or reverse: Targ<=40 V*5>Targ
3973	1233	Ang	TargetIdx=19		-20.11
3973	1233	Vel	Zero=8 Min=8 Max=0	1		45.65
3973	1233	Accel	Thrust=-5 (0)	0			-5.75	-3.55
3973	1233			BRAKE Thrust=0 or reverse: Targ<=40 V*5>Targ
3983	1243	Ang	TargetIdx=19		-19.69
3983	1243	Vel	Zero=12 Min=10 Max=0	1		41.85
3983	1243	Accel	Thrust=-5 (0)	0			-3.80	-4.93
3983	1243			BRAKE Thrust=0 or reverse: Targ<=40 V*5>Targ
3993	1253	Ang	TargetIdx=20		-19.31
3993	1253	Vel	Zero=11 Min=9 Max=0	1		38.09
3993	1253	Accel	Thrust=-5 (0)	0			-3.76	-4.44
3993	1253			BRAKE Thrust=0 or reverse: Targ<=40 V*5>Targ
4003	1263	Ang	TargetIdx=23		-18.99
4003	1263	Vel	Zero=6 Min=5 Max=0	1		31.90
4003	1263	Accel	Thrust=-5 (0)	0			-6.19	-4.58
4003	1263			BRAKE Thrust=0 or reverse: Targ<=40 V*5>Targ
4013	1273	Ang	TargetIdx=36		-18.79
4013	1273	Vel	Zero=2 Min=2 Max=0	1		19.49
4013	1273	Accel	Thrust=-5 (0)	0			-12.41	-7.45
4024	1284			Thrust=0: V=N InRange !IsMoving
4034	1294	Ang	TargetIdx=32		-18.81
4034	1294	Vel	Zero=-1	0		-1.04
4034	1294	Accel	Thrust=0 (0)	0			-1.02	-10.98
4034	1294			V=N HOLD_ANGLE_TVR Seg=-18.81 Targ=-11.83 Vel=-1.04 TVR=0.20 Thrust=0 IncAngDir=1
4043	1303	Ang	TargetIdx=45		-18.65
4043	1303	Vel	Zero=-1 Min=100 Max=0	1		15.36
4043	1303	Accel	Thrust=0 (0)	1			16.40	-1.38
4043	1303			Dec: Targ<100 Zero>100 V=Y A=Y V>Min Need=9 ThrDirCrt=0
4054	1314	Ang	TargetIdx=20		-18.31
4054	1314	Vel	Zero=-1 Min=100 Max=0	1		33.94
4054	1314	Accel	Thrust=-1 (0)	1			18.58	11.32
4054	1314			BRAKE Thrust=0 or reverse: Targ<=40 V*5>Targ
4064	1324	Ang	TargetIdx=13		-17.84
4064	1324	Vel	Zero=-1 Min=100 Max=0	1		46.99
4064	1324	Accel	Thrust=-2 (0)	1			13.05	16.01
4064	1324			BRAKE Thrust=0 or reverse: Targ<=40 V*5>Targ
4074	1334	Ang	TargetIdx=11		-17.33
4074	1334	Vel	Zero=-1 Min=100 Max=0	1		50.98
4074	1334	Accel	Thrust=-3 (0)	1			3.99	11.87
4074	1334			BRAKE Thrust=0 or reverse: Targ<=40 V*5>Targ
4084	1344	Ang	TargetIdx=10		-16.80
4084	1344	Vel	Zero=-1 Min=100 Max=0	1		53.32
4084	1344	Accel	Thrust=-4 (0)	1			2.34	6.46
4084	1344			BRAKE Thrust=0 or reverse: Targ<=40 V*5>Targ
4094	1354	Ang	TargetIdx=7		-16.16
4094	1354	Vel	Zero=-1 Min=100 Max=0	1		63.83
4094	1354	Accel	Thrust=-5 (0)	1			10.51	5.61
4094	1354			BRAKE Thrust=0 or reverse: Targ<=40 V*5>Targ
4104	1364	Ang	TargetIdx=5		-15.41
4104	1364	Vel	Zero=-1 Min=100 Max=0	1		74.88
4104	1364	Accel	Thrust=-5 (0)	1			11.05	7.97
4104	1364			BRAKE Thrust=0 or reverse: Targ<=40 V*5>Targ
4113	1373	Ang	TargetIdx=4		-14.58
4113	1373	Vel	Zero=-1 Min=100 Max=0	1		83.66
4113	1373	Accel	Thrust=-5 (0)	1			8.78	10.11
4113	1373			BRAKE Thrust=0 or reverse: Targ<=40 V*5>Targ
4124	1384	Ang	TargetIdx=3		-13.72
4124	1384	Vel	Zero=-1 Min=100 Max=0	1		85.92
4124	1384	Accel	Thrust=-5 (0)	1			2.26	7.36
4124	1384			V=Y OPPOSE_MOTION_IN_RANGE Seg=-13.72 Targ=-11.83 Vel=85.92 TVR=0.20 Thrust=-5 IncAngDir=1
4134	1394	Ang	TargetIdx=2		-12.81
4134	1394	Vel	Zero=-1 Min=100 Max=0	1		90.73
4134	1394	Accel	Thrust=-5 (0)	1			4.81	5.28
4134	1394			V=Y OPPOSE_MOTION_IN_RANGE Seg=-12.81 Targ=-11.83 Vel=90.73 TVR=0.20 Thrust=-5 IncAngDir=1
4144	1404	Ang	TargetIdx=25		-11.82
4144	1404	Vel	Zero=2	0		98.77
4144	1404	Accel	Thrust=-5 (1)	0			8.05	5.04
4144	1404			V=N HOLD_ANGLE_TVR Seg=-11.82 Targ=-11.83 Vel=98.77 TVR=0.20 Thrust=-5 IncAngDir=1
4153	1413	Ang	TargetIdx=82		-10.82
4153	1413	Vel	Zero=1	0		100.42
4153	1413	Accel	Thrust=-5 (1)	0			1.64	4.83
4153	1413			V=N HOLD_ANGLE_TVR Seg=-10.82 Targ=-11.83 Vel=100.42 TVR=0.20 Thrust=-5 IncAngDir=1
4164	1424	Ang	TargetIdx=-1		-9.83
4164	1424	Vel	Zero=2	0		99.06
4164	1424	Accel	Thrust=-5 (1)	1			-1.36	2.78
4164	1424			V=N HOLD_ANGLE_TVR Seg=-9.83 Targ=-11.83 Vel=99.06 TVR=0.20 Thrust=-5 IncAngDir=1
4174	1434	Ang	TargetIdx=44		-8.85
4174	1434	Vel	Zero=-1	0		97.80
4174	1434	Accel	Thrust=-5 (1)	1			-1.26	-0.33
4174	1434			V=N HOLD_ANGLE_TVR Seg=-8.85 Targ=-11.83 Vel=97.80 TVR=0.20 Thrust=-5 IncAngDir=1
4184	1444	Ang	TargetIdx=23		-7.86
4184	1444	Vel	Zero=-1	0		98.89
4184	1444	Accel	Thrust=-5 (1)	0			1.09	-0.51
4184	1444			V=N HOLD_ANGLE_TVR Seg=-7.86 Targ=-11.83 Vel=98.89 TVR=0.20 Thrust=-5 IncAngDir=1
4194	1454	Ang	TargetIdx=12		-6.87
4194	1454	Vel	Zero=-1	0		99.19
4194	1454	Accel	Thrust=-5 (1)	0			0.30	0.04
4194	1454			V=N HOLD_ANGLE_TVR Seg=-6.87 Targ=-11.83 Vel=99.19 TVR=0.20 Thrust=-5 IncAngDir=1
4204	1464	Ang	TargetIdx=11		-5.94
4204	1464	Vel	Zero=32	0		92.94
4204	1464	Accel	Thrust=-5 (1)	1			-6.24	-1.62
4204	1464			V=N HOLD_ANGLE_TVR Seg=-5.94 Targ=-11.83 Vel=92.94 TVR=0.20 Thrust=-5 IncAngDir=1
4214	1474	Ang	TargetIdx=9		-5.08
4214	1474	Vel	Zero=-1	0		85.76
4214	1474	Accel	Thrust=-5 (1)	1			-7.18	-4.38
4214	1474			V=N HOLD_ANGLE_TVR Seg=-5.08 Targ=-11.83 Vel=85.76 TVR=0.20 Thrust=-5 IncAngDir=1
4224	1484	Ang	TargetIdx=7		-4.38
4224	1484	Vel	Zero=-1	0		70.09
4224	1484	Accel	Thrust=-5 (1)	1			-15.66	-9.70
4224	1484			V=N HOLD_ANGLE_TVR Seg=-4.38 Targ=-11.83 Vel=70.09 TVR=0.20 Thrust=-5 IncAngDir=1
4233	1493	Ang	TargetIdx=10		-3.82
4233	1493	Vel	Zero=2	0		55.82
4233	1493	Accel	Thrust=-5 (1)	1			-14.27	-12.37
4233	1493			V=N HOLD_ANGLE_TVR Seg=-3.82 Targ=-11.83 Vel=55.82 TVR=0.20 Thrust=-5 IncAngDir=1
4244	1504	Ang	TargetIdx=14		-3.42
4244	1504	Vel	Zero=2	0		40.16
4244	1504	Accel	Thrust=-5 (1)	1			-15.66	-15.20
4244	1504			V=N HOLD_ANGLE_TVR Seg=-3.42 Targ=-11.83 Vel=40.16 TVR=0.20 Thrust=-5 IncAngDir=1
4254	1514	Ang	TargetIdx=22		-3.17
4254	1514	Vel	Zero=2	0		25.52
4254	1514	Accel	Thrust=-5 (1)	1			-14.64	-14.86
4254	1514			V=N HOLD_ANGLE_TVR Seg=-3.17 Targ=-11.83 Vel=25.52 TVR=0.20 Thrust=-5 IncAngDir=1
4264	1524	Ang	TargetIdx=-1		-3.02
4264	1524	Vel	Zero=-1	0		14.09
4264	1524	Accel	Thrust=-5 (1)	1			-11.44	-13.91
4264	1524			V=N HOLD_ANGLE_TVR Seg=-3.02 Targ=-11.83 Vel=14.09 TVR=0.20 Thrust=-2 IncAngDir=1
4274	1534	Ang	TargetIdx=-1		-2.97
4274	1534	Vel	Zero=-1	0		5.88
4274	1534	Accel	Thrust=-2 (1)	1			-8.21	-11.43
4274	1534			V=N HOLD_ANGLE_TVR Seg=-2.97 Targ=-11.83 Vel=5.88 TVR=0.20 Thrust=-1 IncAngDir=1
4284	1544	Ang	TargetIdx=35		-2.95
4284	1544	Vel	Zero=-1	0		1.13
4284	1544	Accel	Thrust=-1 (1)	1			-4.76	-8.13
4284	1544			V=N HOLD_ANGLE_TVR Seg=-2.95 Targ=-11.83 Vel=1.13 TVR=0.20 Thrust=0 IncAngDir=1
4294	1554	Ang	TargetIdx=-1		-2.98
4294	1554	Vel	Zero=-1 Min=0 Max=3	1		-2.53
4294	1554	Accel	Thrust=0 (1)	1			-3.66	-5.54
4294	1554			In between MaxV and MinV, Thrust=0: V=Y MaxVFI<5 MinVFI<5 T=N 
4304	1564	Ang	TargetIdx=-1		-3.00
4304	1564	Vel	Zero=7 Min=0 Max=100	1		-2.20
4304	1564	Accel	Thrust=0 (1)	0			0.34	-2.69
4304	1564			STOP BRAKE & THRUST T=-1: V=Y V<MinV T=N A=N
4314	1574			Thrust=0: V=N InRange !IsMoving
4324	1584			Thrust=0: V=N InRange !IsMoving
4334	1594			Thrust=0: V=N InRange !IsMoving
4344	1604	Ang	TargetIdx=-1		-3.07
4344	1604	Vel	Zero=-1 Min=100 Max=1	1		-7.06
4344	1604	Accel	Thrust=0 (1)	1			-7.28	-2.07
4344	1604			BRAKE MORE: Dec V=Y MaxVFI<5 T=N MinVFI>=5
4354	1614	Ang	TargetIdx=60		-3.22
4354	1614	Vel	Zero=-1 Min=100 Max=0	1		-14.45
4354	1614	Accel	Thrust=1 (1)	1			-7.39	-4.98
4354	1614			Dec: Targ<100 Zero>100 V=Y A=Y V>Min Need=-1 ThrDirCrt=0
4364	1624	Ang	TargetIdx=41		-3.43
4364	1624	Vel	Zero=-1 Min=100 Max=0	1		-20.89
4364	1624	Accel	Thrust=2 (1)	1			-6.44	-7.04
4364	1624			Dec: Targ<100 Zero>100 V=Y A=Y V>Min Need=-1 ThrDirCrt=0
4374	1634	Ang	TargetIdx=33		-3.68
4374	1634	Vel	Zero=-1 Min=100 Max=0	1		-25.14
4374	1634	Accel	Thrust=3 (1)	1			-4.25	-6.03
4374	1634			Dec: Targ<100 Zero>100 V=Y A=Y V>Min Need=-1 ThrDirCrt=0
4384	1644	Ang	TargetIdx=25		-4.00
4384	1644	Vel	Zero=-1 Min=100 Max=0	1		-31.78
4384	1644	Accel	Thrust=4 (1)	1			-6.64	-5.78
4384	1644			BRAKE Thrust=0 or reverse: Targ<=40 V*5>Targ
4394	1654	Ang	TargetIdx=21		-4.36
4394	1654	Vel	Zero=-1 Min=100 Max=0	1		-36.07
4394	1654	Accel	Thrust=5 (1)	1			-4.28	-5.06
4394	1654			BRAKE Thrust=0 or reverse: Targ<=40 V*5>Targ
4403	1663	Ang	TargetIdx=19		-4.74
4403	1663	Vel	Zero=-1 Min=100 Max=0	1		-38.25
4403	1663	Accel	Thrust=5 (1)	1			-2.18	-4.37
4403	1663			BRAKE Thrust=0 or reverse: Targ<=40 V*5>Targ
4413	1673	Ang	TargetIdx=17		-5.13
4413	1673	Vel	Zero=-1 Min=100 Max=0	1		-39.50
4413	1673	Accel	Thrust=5 (1)	1			-1.25	-2.57
4413	1673			BRAKE Thrust=0 or reverse: Targ<=40 V*5>Targ
4423	1683	Ang	TargetIdx=16		-5.54
4423	1683	Vel	Zero=-1 Min=100 Max=0	1		-40.17
4423	1683	Accel	Thrust=5 (1)	1			-0.67	-1.37
4423	1683			BRAKE Thrust=0 or reverse: Targ<=40 V*5>Targ
4434	1694	Ang	TargetIdx=15		-5.95
4434	1694	Vel	Zero=-1 Min=100 Max=0	1		-41.33
4434	1694	Accel	Thrust=5 (1)	1			-1.16	-1.03
4434	1694			BRAKE Thrust=0 or reverse: Targ<=40 V*5>Targ
4444	1704	Ang	TargetIdx=14		-6.36
4444	1704	Vel	Zero=66 Min=58 Max=0	1		-40.71
4444	1704	Accel	Thrust=5 (1)	0			0.62	-0.40
4444	1704			BRAKE Thrust=0 or reverse: Targ<=40 V*5>Targ
4454	1714	Ang	TargetIdx=13		-6.75
4454	1714	Vel	Zero=27 Min=23 Max=0	1		-39.21
4454	1714	Accel	Thrust=5 (1)	0			1.50	0.32
4454	1714			BRAKE Thrust=0 or reverse: Targ<=40 V*5>Targ
4464	1724	Ang	TargetIdx=13		-7.13
4464	1724	Vel	Zero=38 Min=33 Max=0	1		-38.20
4464	1724	Accel	Thrust=5 (1)	0			1.02	1.05
4464	1724			BRAKE Thrust=0 or reverse: Targ<=40 V*5>Targ
4474	1734	Ang	TargetIdx=11		-7.53
4474	1734	Vel	Zero=-1 Min=100 Max=0	1		-39.55
4474	1734	Accel	Thrust=5 (1)	1			-1.36	0.39
4474	1734			BRAKE Thrust=0 or reverse: Targ<=40 V*5>Targ
4484	1744	Ang	TargetIdx=10		-7.94
4484	1744	Vel	Zero=-1 Min=100 Max=0	1		-41.87
4484	1744	Accel	Thrust=5 (1)	1			-2.32	-0.89
4484	1744			BRAKE Thrust=0 or reverse: Targ<=40 V*5>Targ
4494	1754	Ang	TargetIdx=8		-8.41
4494	1754	Vel	Zero=-1 Min=100 Max=0	1		-46.88
4494	1754	Accel	Thrust=5 (1)	1			-5.01	-2.90
4494	1754			BRAKE Thrust=0 or reverse: Targ<=40 V*5>Targ
4504	1764	Ang	TargetIdx=6		-8.92
4504	1764	Vel	Zero=-1 Min=100 Max=0	1		-50.21
4504	1764	Accel	Thrust=5 (1)	1			-3.33	-3.55
4504	1764			BRAKE Thrust=0 or reverse: Targ<=40 V*5>Targ
4514	1774	Ang	TargetIdx=5		-9.46
4514	1774	Vel	Zero=-1 Min=100 Max=0	1		-54.71
4514	1774	Accel	Thrust=5 (1)	1			-4.50	-4.28
4514	1774			BRAKE Thrust=0 or reverse: Targ<=40 V*5>Targ
4524	1784	Ang	TargetIdx=4		-10.00
4524	1784	Vel	Zero=58 Min=52 Max=0	1		-53.78
4524	1784	Accel	Thrust=5 (1)	0			0.94	-2.30
4524	1784			V=Y OPPOSE_MOTION_IN_RANGE Seg=-10.00 Targ=-11.83 Vel=-53.78 TVR=0.20 Thrust=5 IncAngDir=1
4534	1794	Ang	TargetIdx=3		-10.48
4534	1794	Vel	Zero=9 Min=8 Max=0	1		-48.18
4534	1794	Accel	Thrust=5 (1)	0			5.60	0.68
4534	1794			V=Y OPPOSE_MOTION_IN_RANGE Seg=-10.48 Targ=-11.83 Vel=-48.18 TVR=0.20 Thrust=5 IncAngDir=1
4544	1804	Ang	TargetIdx=3		-10.87
4544	1804	Vel	Zero=5 Min=4 Max=0	1		-38.55
4544	1804	Accel	Thrust=5 (1)	0			9.63	5.39
4544	1804			V=Y OPPOSE_MOTION_IN_RANGE Seg=-10.87 Targ=-11.83 Vel=-38.55 TVR=0.20 Thrust=5 IncAngDir=1
4554	1814	Ang	TargetIdx=3		-11.16
4554	1814	Vel	Zero=3 Min=3 Max=0	1		-28.76
4554	1814	Accel	Thrust=5 (1)	0			9.79	8.34
4554	1814			V=Y OPPOSE_MOTION_IN_RANGE Seg=-11.16 Targ=-11.83 Vel=-28.76 TVR=0.20 Thrust=5 IncAngDir=1
4564	1824	Ang	TargetIdx=3		-11.33
4564	1824	Vel	Zero=2 Min=2 Max=0	1		-17.87
4564	1824	Accel	Thrust=5 (1)	0			10.89	10.10
4564	1824			V=Y OPPOSE_MOTION_IN_RANGE Seg=-11.33 Targ=-11.83 Vel=-17.87 TVR=0.20 Thrust=3 IncAngDir=1
4574	1834	Ang	TargetIdx=3		-11.48
4574	1834	Vel	Zero=6 Min=4 Max=0	1		-14.91
4574	1834	Accel	Thrust=3 (1)	0			2.96	7.88
4574	1834			V=Y OPPOSE_MOTION_IN_RANGE Seg=-11.48 Targ=-11.83 Vel=-14.91 TVR=0.20 Thrust=2 IncAngDir=1
4584	1844	Ang	TargetIdx=2		-11.63
4584	1844	Vel	Zero=36 Min=24 Max=0	1		-14.51
4584	1844	Accel	Thrust=2 (1)	0			0.40	4.75
4584	1844			V=Y OPPOSE_MOTION_IN_RANGE Seg=-11.63 Targ=-11.83 Vel=-14.51 TVR=0.20 Thrust=2 IncAngDir=1
4594	1854	Ang	TargetIdx=2		-11.71
4594	1854	Vel	Zero=2 Min=1 Max=100	1		-7.94
4594	1854	Accel	Thrust=2 (1)	0			6.57	3.31
4594	1854			V=Y OPPOSE_MOTION_IN_RANGE Seg=-11.71 Targ=-11.83 Vel=-7.94 TVR=0.20 Thrust=1 IncAngDir=1
4604	1864			Thrust=0: V=N InRange !IsMoving
4614	1874	Ang	TargetIdx=22		-11.64
4614	1874	Vel	Zero=-1	0		6.83
4614	1874	Accel	Thrust=0 (1)	0			6.95	7.11
4614	1874			V=N HOLD_ANGLE_TVR Seg=-11.64 Targ=-11.83 Vel=6.83 TVR=0.20 Thrust=-1 IncAngDir=1
4624	1884	Ang	TargetIdx=23		-11.51
4624	1884	Vel	Zero=11	0		13.42
4624	1884	Accel	Thrust=-1 (1)	0			6.59	7.12
4624	1884			V=N HOLD_ANGLE_TVR Seg=-11.51 Targ=-11.83 Vel=13.42 TVR=0.20 Thrust=-2 IncAngDir=1
4634	1894	Ang	TargetIdx=10		-11.35
4634	1894	Vel	Zero=-1	0		15.71
4634	1894	Accel	Thrust=-2 (1)	0			2.29	5.28
4634	1894			V=N HOLD_ANGLE_TVR Seg=-11.35 Targ=-11.83 Vel=15.71 TVR=0.20 Thrust=-3 IncAngDir=1
4644	1904	Ang	TargetIdx=9		-11.18
4644	1904	Vel	Zero=-1	0		17.09
4644	1904	Accel	Thrust=-3 (1)	0			1.38	3.42
4644	1904			V=N HOLD_ANGLE_TVR Seg=-11.18 Targ=-11.83 Vel=17.09 TVR=0.20 Thrust=-3 IncAngDir=1
4654	1914	Ang	TargetIdx=9		-11.08
4654	1914	Vel	Zero=8	0		10.11
4654	1914	Accel	Thrust=-3 (1)	1			-6.98	-1.10
4654	1914			V=N HOLD_ANGLE_TVR Seg=-11.08 Targ=-11.83 Vel=10.11 TVR=0.20 Thrust=-2 IncAngDir=1
4664	1924			Thrust=0: V=N InRange !IsMoving
4674	1934	Ang	TargetIdx=7		-11.17
4674	1934	Vel	Zero=-1 Min=100 Max=1	1		-9.61
4674	1934	Accel	Thrust=0 (1)	1			-9.84	-8.90
4674	1934			V=Y OPPOSE_MOTION_IN_RANGE Seg=-11.17 Targ=-11.83 Vel=-9.61 TVR=0.20 Thrust=1 IncAngDir=1
4684	1944	Ang	TargetIdx=4		-11.31
4684	1944	Vel	Zero=-1 Min=100 Max=0	1		-14.26
4684	1944	Accel	Thrust=1 (1)	1			-4.65	-8.12
4684	1944			V=Y OPPOSE_MOTION_IN_RANGE Seg=-11.31 Targ=-11.83 Vel=-14.26 TVR=0.20 Thrust=2 IncAngDir=1
4694	1954	Ang	TargetIdx=3		-11.45
4694	1954	Vel	Zero=22 Min=14 Max=0	1		-13.63
4694	1954	Accel	Thrust=2 (1)	0			0.63	-4.62
4694	1954			V=Y OPPOSE_MOTION_IN_RANGE Seg=-11.45 Targ=-11.83 Vel=-13.63 TVR=0.20 Thrust=2 IncAngDir=1
4704	1964	Ang	TargetIdx=3		-11.55
4704	1964	Vel	Zero=3 Min=2 Max=100	1		-9.98
4704	1964	Accel	Thrust=2 (1)	0			3.65	-0.12
4704	1964			V=Y OPPOSE_MOTION_IN_RANGE Seg=-11.55 Targ=-11.83 Vel=-9.98 TVR=0.20 Thrust=1 IncAngDir=1
4714	1974	Ang	TargetIdx=3		-11.63
4714	1974	Vel	Zero=4 Min=2 Max=100	1		-7.91
4714	1974	Accel	Thrust=1 (1)	0			2.08	2.12
4714	1974			V=Y OPPOSE_MOTION_IN_RANGE Seg=-11.63 Targ=-11.83 Vel=-7.91 TVR=0.20 Thrust=1 IncAngDir=1
4724	1984	Ang	TargetIdx=2		-11.70
4724	1984	Vel	Zero=9 Min=3 Max=100	1		-7.05
4724	1984	Accel	Thrust=1 (1)	0			0.85	2.19
4724	1984			V=Y OPPOSE_MOTION_IN_RANGE Seg=-11.70 Targ=-11.83 Vel=-7.05 TVR=0.20 Thrust=1 IncAngDir=1
4734	1994	Ang	TargetIdx=44		-11.83
4734	1994	Vel	Zero=2	0		-13.00
4734	1994	Accel	Thrust=1 (0)	0			-5.95	-1.01
4734	1994			V=N HOLD_ANGLE_TVR Seg=-11.83 Targ=-11.83 Vel=-13.00 TVR=0.20 Thrust=2 IncAngDir=1
4744	2004	Ang	TargetIdx=23		-12.06
4744	2004	Vel	Zero=-1	0		-23.25
4744	2004	Accel	Thrust=2 (0)	0			-10.24	-5.11
4744	2004			V=N HOLD_ANGLE_TVR Seg=-12.06 Targ=-11.83 Vel=-23.25 TVR=0.20 Thrust=4 IncAngDir=1
4754	2014	Ang	TargetIdx=78		-12.38
4754	2014	Vel	Zero=-1	0		-31.57
4754	2014	Accel	Thrust=4 (0)	0			-8.32	-8.17
4754	2014			V=N HOLD_ANGLE_TVR Seg=-12.38 Targ=-11.83 Vel=-31.57 TVR=0.20 Thrust=5 IncAngDir=1
4764	2024	Ang	TargetIdx=59		-12.76
4764	2024	Vel	Zero=-1	0		-38.42
4764	2024	Accel	Thrust=5 (0)	0			-6.85	-8.47
4764	2024			V=N HOLD_ANGLE_TVR Seg=-12.76 Targ=-11.83 Vel=-38.42 TVR=0.20 Thrust=5 IncAngDir=1
4774	2034	Ang	TargetIdx=36		-13.20
4774	2034	Vel	Zero=-1	0		-44.10
4774	2034	Accel	Thrust=5 (0)	0			-5.67	-6.95
4774	2034			V=N HOLD_ANGLE_TVR Seg=-13.20 Targ=-11.83 Vel=-44.10 TVR=0.20 Thrust=5 IncAngDir=1
4784	2044	Ang	TargetIdx=29		-13.64
4784	2044	Vel	Zero=-1	0		-44.21
4784	2044	Accel	Thrust=5 (0)	0			-0.11	-4.21
4784	2044			V=N HOLD_ANGLE_TVR Seg=-13.64 Targ=-11.83 Vel=-44.21 TVR=0.20 Thrust=5 IncAngDir=1
4794	2054	Ang	TargetIdx=25		-14.02
4794	2054	Vel	Zero=-1	0		-37.27
4794	2054	Accel	Thrust=5 (0)	1			6.94	0.38
4794	2054			V=N HOLD_ANGLE_TVR Seg=-14.02 Targ=-11.83 Vel=-37.27 TVR=0.20 Thrust=5 IncAngDir=1
4804	2064	Ang	TargetIdx=39		-14.32
4804	2064	Vel	Zero=-1	0		-30.20
4804	2064	Accel	Thrust=5 (0)	1			7.07	4.63
4804	2064			V=N HOLD_ANGLE_TVR Seg=-14.32 Targ=-11.83 Vel=-30.20 TVR=0.20 Thrust=5 IncAngDir=1
4814	2074	Ang	TargetIdx=33		-14.58
4814	2074	Vel	Zero=-1	0		-25.68
4814	2074	Accel	Thrust=5 (0)	1			4.53	6.18
4814	2074			V=N HOLD_ANGLE_TVR Seg=-14.58 Targ=-11.83 Vel=-25.68 TVR=0.20 Thrust=5 IncAngDir=1
4824	2084	Ang	TargetIdx=16		-14.76
4824	2084	Vel	Zero=-1	0		-18.84
4824	2084	Accel	Thrust=5 (0)	1			6.84	6.15
4824	2084			V=N HOLD_ANGLE_TVR Seg=-14.76 Targ=-11.83 Vel=-18.84 TVR=0.20 Thrust=3 IncAngDir=1
4834	2094	Ang	TargetIdx=11		-14.90
4834	2094	Vel	Zero=-1	0		-13.61
4834	2094	Accel	Thrust=3 (0)	1			5.23	5.53
4834	2094			V=N HOLD_ANGLE_TVR Seg=-14.90 Targ=-11.83 Vel=-13.61 TVR=0.20 Thrust=2 IncAngDir=1
4844	2104	Ang	TargetIdx=12		-14.99
4844	2104	Vel	Zero=10	0		-8.68
4844	2104	Accel	Thrust=2 (0)	1			4.92	5.66
4844	2104			V=N HOLD_ANGLE_TVR Seg=-14.99 Targ=-11.83 Vel=-8.68 TVR=0.20 Thrust=1 IncAngDir=1
4854	2114			Thrust=0: V=N InRange !IsMoving
4864	2124	Ang	TargetIdx=44		-14.91
4864	2124	Vel	Zero=-1 Min=100 Max=1	1		7.04
4864	2124	Accel	Thrust=0 (0)	1			6.17	6.88
4874	2134	Ang	TargetIdx=26		-14.79
4874	2134	Vel	Zero=-1 Min=100 Max=0	1		11.76
4874	2134	Accel	Thrust=0 (0)	1			4.72	6.81
4874	2134			Dec: Targ<100 Zero>100 V=Y A=Y V>Min Need=9 ThrDirCrt=0
4884	2144	Ang	TargetIdx=19		-14.64
4884	2144	Vel	Zero=-1 Min=100 Max=0	1		15.22
4884	2144	Accel	Thrust=-1 (0)	1			3.46	4.78
4884	2144			BRAKE Thrust=0 or reverse: Targ<=40 V*5>Targ
4894	2154	Ang	TargetIdx=16		-14.47
4894	2154	Vel	Zero=-1 Min=100 Max=0	1		17.32
4894	2154	Accel	Thrust=-2 (0)	1			2.10	3.42
4894	2154			BRAKE Thrust=0 or reverse: Targ<=40 V*5>Targ
4904	2164	Ang	TargetIdx=12		-14.25
4904	2164	Vel	Zero=-1 Min=100 Max=0	1		21.47
4904	2164	Accel	Thrust=-3 (0)	1			4.15	3.24
4904	2164			BRAKE Thrust=0 or reverse: Targ<=40 V*5>Targ
4914	2174	Ang	TargetIdx=10		-14.01
4914	2174	Vel	Zero=-1 Min=100 Max=0	1		23.68
4914	2174	Accel	Thrust=-4 (0)	1			2.21	2.82
4914	2174			BRAKE Thrust=0 or reverse: Targ<=40 V*5>Targ
4924	2184	Ang	TargetIdx=8		-13.76
4924	2184	Vel	Zero=-1 Min=100 Max=0	1		25.79
4924	2184	Accel	Thrust=-5 (0)	1			2.11	2.82
4924	2184			V=Y OPPOSE_MOTION_IN_RANGE Seg=-13.76 Targ=-11.83 Vel=25.79 TVR=0.20 Thrust=-5 IncAngDir=1
4934	2194	Ang	TargetIdx=7		-13.50
4934	2194	Vel	Zero=-1 Min=100 Max=0	1		26.05
4934	2194	Accel	Thrust=-5 (0)	1			0.26	1.53
4934	2194			V=Y OPPOSE_MOTION_IN_RANGE Seg=-13.50 Targ=-11.83 Vel=26.05 TVR=0.20 Thrust=-5 IncAngDir=1
4944	2204	Ang	TargetIdx=6		-13.24
4944	2204	Vel	Zero=32 Min=26 Max=0	1		25.24
4944	2204	Accel	Thrust=-5 (0)	0			-0.81	0.52
4944	2204			V=Y OPPOSE_MOTION_IN_RANGE Seg=-13.24 Targ=-11.83 Vel=25.24 TVR=0.20 Thrust=-5 IncAngDir=1
4954	2214	Ang	TargetIdx=5		-12.98
4954	2214	Vel	Zero=-1 Min=100 Max=0	1		26.27
4954	2214	Accel	Thrust=-5 (0)	1			1.03	0.16
4954	2214			V=Y OPPOSE_MOTION_IN_RANGE Seg=-12.98 Targ=-11.83 Vel=26.27 TVR=0.20 Thrust=-5 IncAngDir=1
4964	2224	Ang	TargetIdx=4		-12.71
4964	2224	Vel	Zero=-1 Min=100 Max=0	1		27.19
4964	2224	Accel	Thrust=-5 (0)	1			0.92	0.38
4964	2224			V=Y OPPOSE_MOTION_IN_RANGE Seg=-12.71 Targ=-11.83 Vel=27.19 TVR=0.20 Thrust=-5 IncAngDir=1
4974	2234	Ang	TargetIdx=3		-12.47
4974	2234	Vel	Zero=7 Min=6 Max=0	1		23.78
4974	2234	Accel	Thrust=-5 (0)	0			-3.40	-0.49
4974	2234			V=Y OPPOSE_MOTION_IN_RANGE Seg=-12.47 Targ=-11.83 Vel=23.78 TVR=0.20 Thrust=-4 IncAngDir=1
4984	2244	Ang	TargetIdx=2		-12.25
4984	2244	Vel	Zero=15 Min=11 Max=0	1		22.20
4984	2244	Accel	Thrust=-4 (0)	0			-1.58	-1.36
4984	2244			V=Y OPPOSE_MOTION_IN_RANGE Seg=-12.25 Targ=-11.83 Vel=22.20 TVR=0.20 Thrust=-4 IncAngDir=1
4994	2254	Ang	TargetIdx=2		-12.05
4994	2254	Vel	Zero=10 Min=8 Max=0	1		20.06
4994	2254	Accel	Thrust=-4 (0)	0			-2.14	-2.37
4994	2254			V=Y OPPOSE_MOTION_IN_RANGE Seg=-12.05 Targ=-11.83 Vel=20.06 TVR=0.20 Thrust=-4 IncAngDir=1
5004	2264	Ang	TargetIdx=1		-11.87
5004	2264	Vel	Zero=7 Min=5 Max=0	1		17.53
5004	2264	Accel	Thrust=-4 (0)	0			-2.53	-2.08
5004	2264			V=Y OPPOSE_MOTION_IN_RANGE Seg=-11.87 Targ=-11.83 Vel=17.53 TVR=0.20 Thrust=-3 IncAngDir=1
5014	2274	Ang	TargetIdx=50		-11.72
5014	2274	Vel	Zero=4	0		15.36
5014	2274	Accel	Thrust=-3 (1)	1			-2.17	-2.28
5014	2274			V=N HOLD_ANGLE_TVR Seg=-11.72 Targ=-11.83 Vel=15.36 TVR=0.20 Thrust=-3 IncAngDir=1
5024	2284	Ang	TargetIdx=48		-11.57
5024	2284	Vel	Zero=-1	0		14.53
5024	2284	Accel	Thrust=-3 (1)	1			-0.83	-1.84
5024	2284			V=N HOLD_ANGLE_TVR Seg=-11.57 Targ=-11.83 Vel=14.53 TVR=0.20 Thrust=-2 IncAngDir=1
5034	2294	Ang	TargetIdx=42		-11.44
5034	2294	Vel	Zero=-1	0		13.33
5034	2294	Accel	Thrust=-2 (1)	1			-1.20	-1.40
5034	2294			V=N HOLD_ANGLE_TVR Seg=-11.44 Targ=-11.83 Vel=13.33 TVR=0.20 Thrust=-2 IncAngDir=1
5044	2304	Ang	TargetIdx=42		-11.32
5044	2304	Vel	Zero=39	0		12.25
5044	2304	Accel	Thrust=-2 (1)	1			-1.08	-1.04
5044	2304			V=N HOLD_ANGLE_TVR Seg=-11.32 Targ=-11.83 Vel=12.25 TVR=0.20 Thrust=-2 IncAngDir=1
5054	2314	Ang	TargetIdx=8		-11.17
5054	2314	Vel	Zero=-1	0		14.38
5054	2314	Accel	Thrust=-2 (1)	0			2.13	-0.05
5054	2314			V=N HOLD_ANGLE_TVR Seg=-11.17 Targ=-11.83 Vel=14.38 TVR=0.20 Thrust=-2 IncAngDir=1
5064	2324	Ang	TargetIdx=11		-10.98
5064	2324	Vel	Zero=-1	0		19.04
5064	2324	Accel	Thrust=-2 (1)	0			4.66	1.90
5064	2324			V=N HOLD_ANGLE_TVR Seg=-10.98 Targ=-11.83 Vel=19.04 TVR=0.20 Thrust=-3 IncAngDir=1
5074	2334	Ang	TargetIdx=6		-10.75
5074	2334	Vel	Zero=-1	0		23.85
5074	2334	Accel	Thrust=-3 (1)	0			4.81	3.87
5074	2334			V=N HOLD_ANGLE_TVR Seg=-10.75 Targ=-11.83 Vel=23.85 TVR=0.20 Thrust=-4 IncAngDir=1
5084	2344	Ang	TargetIdx=5		-10.46
5084	2344	Vel	Zero=22	0		29.00
5084	2344	Accel	Thrust=-4 (1)	0			5.15	4.87
5084	2344			V=N HOLD_ANGLE_TVR Seg=-10.46 Targ=-11.83 Vel=29.00 TVR=0.20 Thrust=-5 IncAngDir=1
5094	2354	Ang	TargetIdx=10		-10.14
5094	2354	Vel	Zero=-1	0		31.40
5094	2354	Accel	Thrust=-5 (1)	0			2.40	4.12
5094	2354			V=N HOLD_ANGLE_TVR Seg=-10.14 Targ=-11.83 Vel=31.40 TVR=0.20 Thrust=-5 IncAngDir=1
5104	2364	Ang	TargetIdx=5		-9.81
5104	2364	Vel	Zero=-1	0		33.34
5104	2364	Accel	Thrust=-5 (1)	0			1.94	3.16
5104	2364			V=N HOLD_ANGLE_TVR Seg=-9.81 Targ=-11.83 Vel=33.34 TVR=0.20 Thrust=-5 IncAngDir=1
5114	2374	Ang	TargetIdx=3		-9.44
5114	2374	Vel	Zero=-1	0		36.55
5114	2374	Accel	Thrust=-5 (1)	0			3.21	2.52
5114	2374			V=N HOLD_ANGLE_TVR Seg=-9.44 Targ=-11.83 Vel=36.55 TVR=0.20 Thrust=-5 IncAngDir=1
5124	2384	Ang	TargetIdx=100		-9.07
5124	2384	Vel	Zero=-1	0		37.44
5124	2384	Accel	Thrust=-5 (1)	0			0.89	2.01
5124	2384			V=N HOLD_ANGLE_TVR Seg=-9.07 Targ=-11.83 Vel=37.44 TVR=0.20 Thrust=-5 IncAngDir=1
5134	2394	Ang	TargetIdx=66		-8.68
5134	2394	Vel	Zero=-1	0		39.10
5134	2394	Accel	Thrust=-5 (1)	0			1.66	1.92
5134	2394			V=N HOLD_ANGLE_TVR Seg=-8.68 Targ=-11.83 Vel=39.10 TVR=0.20 Thrust=-5 IncAngDir=1
5144	2404	Ang	TargetIdx=30		-8.25
5144	2404	Vel	Zero=-1	0		42.88
5144	2404	Accel	Thrust=-5 (1)	0			3.78	2.11
5144	2404			V=N HOLD_ANGLE_TVR Seg=-8.25 Targ=-11.83 Vel=42.88 TVR=0.20 Thrust=-5 IncAngDir=1
5154	2414	Ang	TargetIdx=47		-7.81
5154	2414	Vel	Zero=2	0		43.80
5154	2414	Accel	Thrust=-5 (1)	0			0.92	2.12
5154	2414			V=N HOLD_ANGLE_TVR Seg=-7.81 Targ=-11.83 Vel=43.80 TVR=0.20 Thrust=-5 IncAngDir=1
5164	2424	Ang	TargetIdx=38		-7.41
5164	2424	Vel	Zero=-1	0		39.77
5164	2424	Accel	Thrust=-5 (1)	1			-4.03	0.22
5164	2424			V=N HOLD_ANGLE_TVR Seg=-7.41 Targ=-11.83 Vel=39.77 TVR=0.20 Thrust=-5 IncAngDir=1
5174	2434	Ang	TargetIdx=-1		-7.03
5174	2434	Vel	Zero=1	0		37.93
5174	2434	Accel	Thrust=-5 (1)	1			-1.84	-1.65
5174	2434			V=N HOLD_ANGLE_TVR Seg=-7.03 Targ=-11.83 Vel=37.93 TVR=0.20 Thrust=-5 IncAngDir=1
5184	2444	Ang	TargetIdx=8		-6.61
5184	2444	Vel	Zero=-1	0		42.03
5184	2444	Accel	Thrust=-5 (1)	0			4.11	-0.59
5184	2444			V=N HOLD_ANGLE_TVR Seg=-6.61 Targ=-11.83 Vel=42.03 TVR=0.20 Thrust=-5 IncAngDir=1
5194	2454	Ang	TargetIdx=4		-6.19
5194	2454	Vel	Zero=-1	0		42.38
5194	2454	Accel	Thrust=-5 (1)	0			0.35	0.87
5194	2454			V=N HOLD_ANGLE_TVR Seg=-6.19 Targ=-11.83 Vel=42.38 TVR=0.20 Thrust=-5 IncAngDir=1
5204	2464	Ang	TargetIdx=55		-5.81
5204	2464	Vel	Zero=-1	0		37.73
5204	2464	Accel	Thrust=-5 (1)	1			-4.66	-0.07
5204	2464			V=N HOLD_ANGLE_TVR Seg=-5.81 Targ=-11.83 Vel=37.73 TVR=0.20 Thrust=-5 IncAngDir=1
5214	2474	Ang	TargetIdx=17		-5.48
5214	2474	Vel	Zero=-1	0		33.59
5214	2474	Accel	Thrust=-5 (1)	1			-4.14	-2.81
5214	2474			V=N HOLD_ANGLE_TVR Seg=-5.48 Targ=-11.83 Vel=33.59 TVR=0.20 Thrust=-5 IncAngDir=1
5224	2484	Ang	TargetIdx=59		-5.17
5224	2484	Vel	Zero=-1	0		30.48
5224	2484	Accel	Thrust=-5 (1)	1			-3.11	-3.97
5224	2484			V=N HOLD_ANGLE_TVR Seg=-5.17 Targ=-11.83 Vel=30.48 TVR=0.20 Thrust=-5 IncAngDir=1
5234	2494	Ang	TargetIdx=14		-4.94
5234	2494	Vel	Zero=-1	0		23.09
5234	2494	Accel	Thrust=-5 (1)	1			-7.39	-4.88
5234	2494			V=N HOLD_ANGLE_TVR Seg=-4.94 Targ=-11.83 Vel=23.09 TVR=0.20 Thrust=-4 IncAngDir=1
5244	2504	Ang	TargetIdx=-1		-4.79
5244	2504	Vel	Zero=-1	0		14.70
5244	2504	Accel	Thrust=-4 (1)	1			-8.40	-6.30
5244	2504			V=N HOLD_ANGLE_TVR Seg=-4.79 Targ=-11.83 Vel=14.70 TVR=0.20 Thrust=-2 IncAngDir=1
5254	2514	Ang	TargetIdx=-1		-4.72
5254	2514	Vel	Zero=-1	0		7.03
5254	2514	Accel	Thrust=-2 (1)	1			-7.66	-7.82
5254	2514			V=N HOLD_ANGLE_TVR Seg=-4.72 Targ=-11.83 Vel=7.03 TVR=0.20 Thrust=-1 IncAngDir=1
5264	2524	Ang	TargetIdx=-1		-4.76
5264	2524	Vel	Zero=-1 Min=0 Max=1	1		-3.45
5264	2524	Accel	Thrust=-1 (1)	1			-10.49	-8.85
5264	2524			START BRAKE Thrust=0: V=Y MaxVFI<5 T=Y 
5274	2534	Ang	TargetIdx=62		-4.87
5274	2534	Vel	Zero=-1 Min=100 Max=0	1		-11.26
5274	2534	Accel	Thrust=0 (1)	1			-7.81	-8.65
5274	2534			Dec: Targ<100 Zero>100 V=Y A=Y V>Min Need=-1 ThrDirCrt=0
5284	2544	Ang	TargetIdx=46		-5.02
5284	2544	Vel	Zero=-1 Min=100 Max=0	1		-15.12
5284	2544	Accel	Thrust=1 (1)	1			-3.85	-7.38
5284	2544			Dec: Targ<100 Zero>100 V=Y A=Y V>Min Need=-1 ThrDirCrt=0
5294	2554	Ang	TargetIdx=40		-5.19
5294	2554	Vel	Zero=-1 Min=100 Max=0	1		-16.67
5294	2554	Accel	Thrust=2 (1)	1			-1.55	-4.40
5294	2554			Dec: Targ<100 Zero>100 V=Y A=Y V>Min Need=-1 ThrDirCrt=0
5304	2564	Ang	TargetIdx=35		-5.37
5304	2564	Vel	Zero=-1 Min=100 Max=0	1		-18.68
5304	2564	Accel	Thrust=3 (1)	1			-2.01	-2.47
5304	2564			Dec: Targ<100 Zero>100 V=Y A=Y V>Min Need=-1 ThrDirCrt=0
5314	2574	Ang	TargetIdx=34		-5.56
5314	2574	Vel	Zero=-1 Min=100 Max=0	1		-18.79
5314	2574	Accel	Thrust=4 (1)	1			-0.11	-1.22
5314	2574			Dec: Targ<100 Zero>100 V=Y A=Y V>Min Need=-1 ThrDirCrt=0
5324	2584	Ang	TargetIdx=26		-5.80
5324	2584	Vel	Zero=-1 Min=100 Max=0	1		-23.81
5324	2584	Accel	Thrust=5 (1)	1			-5.02	-2.38
5324	2584			Dec: Targ<100 Zero>100 V=Y A=Y V>Min Need=-1 ThrDirCrt=0
5334	2594	Ang	TargetIdx=21		-6.08
5334	2594	Vel	Zero=-1 Min=100 Max=0	1		-28.36
5334	2594	Accel	Thrust=5 (1)	1			-4.55	-3.23
5334	2594			BRAKE Thrust=0 or reverse: Targ<=40 V*5>Targ
5344	2604	Ang	TargetIdx=16		-6.44
5344	2604	Vel	Zero=-1 Min=100 Max=0	1		-35.10
5344	2604	Accel	Thrust=5 (1)	1			-6.74	-5.44
5344	2604			BRAKE Thrust=0 or reverse: Targ<=40 V*5>Targ
5354	2614	Ang	TargetIdx=13		-6.84
5354	2614	Vel	Zero=-1 Min=100 Max=0	1		-40.37
5354	2614	Accel	Thrust=5 (1)	1			-5.27	-5.52
5354	2614			BRAKE Thrust=0 or reverse: Targ<=40 V*5>Targ
5364	2624	Ang	TargetIdx=11		-7.26
5364	2624	Vel	Zero=-1 Min=100 Max=0	1		-42.55
5364	2624	Accel	Thrust=5 (1)	1			-2.18	-4.73
5364	2624			BRAKE Thrust=0 or reverse: Targ<=40 V*5>Targ
5374	2634	Ang	TargetIdx=9		-7.73
5374	2634	Vel	Zero=-1 Min=100 Max=0	1		-47.00
5374	2634	Accel	Thrust=5 (1)	1			-4.44	-3.96
5374	2634			BRAKE Thrust=0 or reverse: Targ<=40 V*5>Targ
5384	2644	Ang	TargetIdx=7		-8.27
5384	2644	Vel	Zero=-1 Min=100 Max=0	1		-53.19
5384	2644	Accel	Thrust=5 (1)	1			-6.19	-4.27
5384	2644			BRAKE Thrust=0 or reverse: Targ<=40 V*5>Targ
5394	2654	Ang	TargetIdx=5		-8.87
5394	2654	Vel	Zero=-1 Min=100 Max=0	1		-59.91
5394	2654	Accel	Thrust=5 (1)	1			-6.72	-5.78
5394	2654			BRAKE Thrust=0 or reverse: Targ<=40 V*5>Targ
5404	2664	Ang	TargetIdx=4		-9.51
5404	2664	Vel	Zero=-1 Min=100 Max=0	1		-64.88
5404	2664	Accel	Thrust=5 (1)	1			-4.98	-5.96
5404	2664			BRAKE Thrust=0 or reverse: Targ<=40 V*5>Targ
5414	2674	Ang	TargetIdx=3		-10.18
5414	2674	Vel	Zero=-1 Min=100 Max=0	1		-66.48
5414	2674	Accel	Thrust=5 (1)	1			-1.60	-4.43
5414	2674			V=Y OPPOSE_MOTION_IN_RANGE Seg=-10.18 Targ=-11.83 Vel=-66.48 TVR=0.20 Thrust=5 IncAngDir=1
5424	2684	Ang	TargetIdx=2		-10.83
5424	2684	Vel	Zero=40 Min=37 Max=0	1		-64.82
5424	2684	Accel	Thrust=5 (1)	0			1.66	-1.64
5424	2684			V=Y OPPOSE_MOTION_IN_RANGE Seg=-10.83 Targ=-11.83 Vel=-64.82 TVR=0.20 Thrust=5 IncAngDir=1
5434	2694	Ang	TargetIdx=1		-11.46
5434	2694	Vel	Zero=43 Min=39 Max=0	1		-63.32
5434	2694	Accel	Thrust=5 (1)	0			1.50	0.52
5434	2694			V=Y OPPOSE_MOTION_IN_RANGE Seg=-11.46 Targ=-11.83 Vel=-63.32 TVR=0.20 Thrust=5 IncAngDir=1
5444	2704	Ang	TargetIdx=70		-12.05
5444	2704	Vel	Zero=3	0		-59.08
5444	2704	Accel	Thrust=5 (0)	1			4.24	2.47
5444	2704			V=N HOLD_ANGLE_TVR Seg=-12.05 Targ=-11.83 Vel=-59.08 TVR=0.20 Thrust=5 IncAngDir=1
5454	2714	Ang	TargetIdx=88		-12.55
5454	2714	Vel	Zero=4	0		-49.52
5454	2714	Accel	Thrust=5 (0)	1			9.56	5.10
5454	2714			V=N HOLD_ANGLE_TVR Seg=-12.55 Targ=-11.83 Vel=-49.52 TVR=0.20 Thrust=5 IncAngDir=1
5464	2724	Ang	TargetIdx=62		-12.94
5464	2724	Vel	Zero=-1	0		-39.74
5464	2724	Accel	Thrust=5 (0)	1			9.78	7.86
5464	2724			V=N HOLD_ANGLE_TVR Seg=-12.94 Targ=-11.83 Vel=-39.74 TVR=0.20 Thrust=5 IncAngDir=1
5474	2734	Ang	TargetIdx=31		-13.24
5474	2734	Vel	Zero=-1	0		-29.84
5474	2734	Accel	Thrust=5 (0)	1			9.89	9.75
5474	2734			V=N HOLD_ANGLE_TVR Seg=-13.24 Targ=-11.83 Vel=-29.84 TVR=0.20 Thrust=5 IncAngDir=1
5484	2744	Ang	TargetIdx=31		-13.43
5484	2744	Vel	Zero=35	0		-19.02
5484	2744	Accel	Thrust=5 (0)	1			10.82	10.17
5484	2744			V=N HOLD_ANGLE_TVR Seg=-13.43 Targ=-11.83 Vel=-19.02 TVR=0.20 Thrust=3 IncAngDir=1
5494	2754	Ang	TargetIdx=22		-13.56
5494	2754	Vel	Zero=-1	0		-12.40
5494	2754	Accel	Thrust=3 (0)	1			6.62	9.11
5494	2754			V=N HOLD_ANGLE_TVR Seg=-13.56 Targ=-11.83 Vel=-12.40 TVR=0.20 Thrust=2 IncAngDir=1
5504	2764	Ang	TargetIdx=19		-13.59
5504	2764	Vel	Zero=-1	0		-3.27
5504	2764	Accel	Thrust=2 (0)	1			9.13	8.86
5504	2764			V=N HOLD_ANGLE_TVR Seg=-13.59 Targ=-11.83 Vel=-3.27 TVR=0.20 Thrust=0 IncAngDir=1
5514	2774	Ang	TargetIdx=25		-13.52
5514	2774	Vel	Zero=-1 Min=100 Max=1	1		6.78
5514	2774	Accel	Thrust=0 (0)	1			10.05	8.60
5514	2774			V=Y OPPOSE_MOTION_IN_RANGE Seg=-13.52 Targ=-11.83 Vel=6.78 TVR=0.20 Thrust=-1 IncAngDir=1
5524	2784	Ang	TargetIdx=11		-13.37
5524	2784	Vel	Zero=-1 Min=100 Max=0	1		15.24
5524	2784	Accel	Thrust=-1 (0)	1			8.46	9.21
5524	2784			V=Y OPPOSE_MOTION_IN_RANGE Seg=-13.37 Targ=-11.83 Vel=15.24 TVR=0.20 Thrust=-3 IncAngDir=1
5534	2794	Ang	TargetIdx=9		-13.21
5534	2794	Vel	Zero=-1 Min=100 Max=0	1		15.47
5534	2794	Accel	Thrust=-3 (0)	1			0.23	6.25
5534	2794			V=Y OPPOSE_MOTION_IN_RANGE Seg=-13.21 Targ=-11.83 Vel=15.47 TVR=0.20 Thrust=-3 IncAngDir=1
5544	2804	Ang	TargetIdx=13		-13.11
5544	2804	Vel	Zero=3 Min=2 Max=0	1		10.47
5544	2804	Accel	Thrust=-3 (0)	0			-5.00	1.23
5544	2804			V=Y OPPOSE_MOTION_IN_RANGE Seg=-13.11 Targ=-11.83 Vel=10.47 TVR=0.20 Thrust=-2 IncAngDir=1
5554	2814	Ang	TargetIdx=20		-13.05
5554	2814	Vel	Zero=2 Min=1 Max=100	1		6.16
5554	2814	Accel	Thrust=-2 (0)	0			-4.31	-3.03
5554	2814			V=Y OPPOSE_MOTION_IN_RANGE Seg=-13.05 Targ=-11.83 Vel=6.16 TVR=0.20 Thrust=-1 IncAngDir=1
5564	2824	Ang	TargetIdx=49		-13.02
5564	2824	Vel	Zero=1 Min=0 Max=100	1		2.48
5564	2824	Accel	Thrust=-1 (0)	0			-3.69	-4.33
5564	2824			V=Y OPPOSE_MOTION_IN_RANGE Seg=-13.02 Targ=-11.83 Vel=2.48 TVR=0.20 Thrust=0 IncAngDir=1
5574	2834	Ang	TargetIdx=10		-13.07
5574	2834	Vel	Zero=-1	0		-4.67
5574	2834	Accel	Thrust=0 (0)	0			-7.15	-5.05
5574	2834			V=N HOLD_ANGLE_TVR Seg=-13.07 Targ=-11.83 Vel=-4.67 TVR=0.20 Thrust=0 IncAngDir=1
5584	2844	Ang	TargetIdx=10		-13.21
5584	2844	Vel	Zero=6	0		-14.18
5584	2844	Accel	Thrust=0 (0)	0			-9.51	-6.78
5584	2844			V=N HOLD_ANGLE_TVR Seg=-13.21 Targ=-11.83 Vel=-14.18 TVR=0.20 Thrust=2 IncAngDir=1
5594	2854	Ang	TargetIdx=10		-13.43
5594	2854	Vel	Zero=6	0		-22.07
5594	2854	Accel	Thrust=2 (0)	0			-7.89	-8.18
5594	2854			V=N HOLD_ANGLE_TVR Seg=-13.43 Targ=-11.83 Vel=-22.07 TVR=0.20 Thrust=4 IncAngDir=1
5604	2864	Ang	TargetIdx=10		-13.69
5604	2864	Vel	Zero=6	0		-26.12
5604	2864	Accel	Thrust=4 (0)	0			-4.05	-7.15
5604	2864			V=N HOLD_ANGLE_TVR Seg=-13.69 Targ=-11.83 Vel=-26.12 TVR=0.20 Thrust=5 IncAngDir=1
5614	2874	Ang	TargetIdx=10		-13.96
5614	2874	Vel	Zero=6	0		-26.43
5614	2874	Accel	Thrust=5 (0)	0			-0.31	-4.08
5614	2874			V=N HOLD_ANGLE_TVR Seg=-13.96 Targ=-11.83 Vel=-26.43 TVR=0.20 Thrust=5 IncAngDir=1
5624	2884	Ang	TargetIdx=72		-14.23
5624	2884	Vel	Zero=-1	0		-26.70
5624	2884	Accel	Thrust=5 (0)	0			-0.27	-1.54
5624	2884			V=N HOLD_ANGLE_TVR Seg=-14.23 Targ=-11.83 Vel=-26.70 TVR=0.20 Thrust=5 IncAngDir=1
5634	2894	Ang	TargetIdx=48		-14.49
5634	2894	Vel	Zero=-1	0		-26.22
5634	2894	Accel	Thrust=5 (0)	1			0.48	-0.03
5634	2894			V=N HOLD_ANGLE_TVR Seg=-14.49 Targ=-11.83 Vel=-26.22 TVR=0.20 Thrust=5 IncAngDir=1
5644	2904	Ang	TargetIdx=68		-14.77
5644	2904	Vel	Zero=-1	0		-28.09
5644	2904	Accel	Thrust=5 (0)	0			-1.87	-0.55
5644	2904			V=N HOLD_ANGLE_TVR Seg=-14.77 Targ=-11.83 Vel=-28.09 TVR=0.20 Thrust=5 IncAngDir=1
5654	2914	Ang	TargetIdx=13		-15.03
5654	2914	Vel	Zero=-1	0		-26.22
5654	2914	Accel	Thrust=5 (0)	1			1.87	0.16
5654	2914			V=N HOLD_ANGLE_TVR Seg=-15.03 Targ=-11.83 Vel=-26.22 TVR=0.20 Thrust=5 IncAngDir=1
5664	2924	Ang	TargetIdx=4		-15.17
5664	2924	Vel	Zero=-1	0		-14.23
5664	2924	Accel	Thrust=5 (0)	1			11.99	4.00
5664	2924			V=N HOLD_ANGLE_TVR Seg=-15.17 Targ=-11.83 Vel=-14.23 TVR=0.20 Thrust=2 IncAngDir=1
5674	2934			Thrust=0: V=N InRange !IsMoving
5684	2944	Ang	TargetIdx=21		-15.03
5684	2944	Vel	Zero=-1 Min=100 Max=0	1		15.42
5684	2944	Accel	Thrust=0 (0)	1			16.24	13.88
5684	2944			BRAKE Thrust=0 or reverse: Targ<=40 V*5>Targ
5694	2954	Ang	TargetIdx=14		-14.81
5694	2954	Vel	Zero=-1 Min=100 Max=0	1		21.96
5694	2954	Accel	Thrust=-1 (0)	1			6.54	12.06
5694	2954			BRAKE Thrust=0 or reverse: Targ<=40 V*5>Targ
5704	2964	Ang	TargetIdx=11		-14.54
5704	2964	Vel	Zero=-1 Min=100 Max=0	1		26.84
5704	2964	Accel	Thrust=-2 (0)	1			4.89	9.22
5704	2964			BRAKE Thrust=0 or reverse: Targ<=40 V*5>Targ
5714	2974	Ang	TargetIdx=7		-14.19
5714	2974	Vel	Zero=-1 Min=100 Max=0	1		35.32
5714	2974	Accel	Thrust=-3 (0)	1			8.47	6.63
5714	2974			BRAKE Thrust=0 or reverse: Targ<=40 V*5>Targ
5724	2984	Ang	TargetIdx=6		-13.80
5724	2984	Vel	Zero=-1 Min=100 Max=0	1		38.43
5724	2984	Accel	Thrust=-4 (0)	1			3.11	5.49
5724	2984			V=Y OPPOSE_MOTION_IN_RANGE Seg=-13.80 Targ=-11.83 Vel=38.43 TVR=0.20 Thrust=-5 IncAngDir=1
5734	2994	Ang	TargetIdx=5		-13.45
5734	2994	Vel	Zero=10 Min=8 Max=0	1		34.64
5734	2994	Accel	Thrust=-5 (0)	0			-3.79	2.60
5734	2994			V=Y OPPOSE_MOTION_IN_RANGE Seg=-13.45 Targ=-11.83 Vel=34.64 TVR=0.20 Thrust=-5 IncAngDir=1
5744	3004	Ang	TargetIdx=6		-13.20
5744	3004	Vel	Zero=3 Min=3 Max=0	1		25.26
5744	3004	Accel	Thrust=-5 (0)	0			-9.37	-3.35
5744	3004			V=Y OPPOSE_MOTION_IN_RANGE Seg=-13.20 Targ=-11.83 Vel=25.26 TVR=0.20 Thrust=-5 IncAngDir=1
5754	3014	Ang	TargetIdx=9		-13.06
5754	3014	Vel	Zero=2 Min=1 Max=0	1		14.48
5754	3014	Accel	Thrust=-5 (0)	0			-10.79	-7.98
5754	3014			V=Y OPPOSE_MOTION_IN_RANGE Seg=-13.06 Targ=-11.83 Vel=14.48 TVR=0.20 Thrust=-2 IncAngDir=1
5764	3024	Ang	TargetIdx=31		-13.02
5764	3024	Vel	Zero=1 Min=0 Max=100	1		3.93
5764	3024	Accel	Thrust=-2 (0)	0			-10.55	-10.24
5764	3024			V=Y OPPOSE_MOTION_IN_RANGE Seg=-13.02 Targ=-11.83 Vel=3.93 TVR=0.20 Thrust=0 IncAngDir=1
5774	3034	Ang	TargetIdx=-1		-13.08
5774	3034	Vel	Zero=-1	0		-5.72
5774	3034	Accel	Thrust=0 (0)	0			-9.65	-10.33
5774	3034			V=N HOLD_ANGLE_TVR Seg=-13.08 Targ=-11.83 Vel=-5.72 TVR=0.20 Thrust=1 IncAngDir=1
5784	3044	Ang	TargetIdx=94		-13.20
5784	3044	Vel	Zero=-1	0		-12.33
5784	3044	Accel	Thrust=1 (0)	0			-6.61	-8.94
5784	3044			V=N HOLD_ANGLE_TVR Seg=-13.20 Targ=-11.83 Vel=-12.33 TVR=0.20 Thrust=2 IncAngDir=1
5794	3054	Ang	TargetIdx=67		-13.39
5794	3054	Vel	Zero=-1	0		-19.22
5794	3054	Accel	Thrust=2 (0)	0			-6.89	-7.72
5794	3054			V=N HOLD_ANGLE_TVR Seg=-13.39 Targ=-11.83 Vel=-19.22 TVR=0.20 Thrust=3 IncAngDir=1
5804	3064	Ang	TargetIdx=69		-13.64
5804	3064	Vel	Zero=19	0		-25.32
5804	3064	Accel	Thrust=3 (0)	0			-6.11	-6.53
5804	3064			V=N HOLD_ANGLE_TVR Seg=-13.64 Targ=-11.83 Vel=-25.32 TVR=0.20 Thrust=5 IncAngDir=1
5814	3074	Ang	TargetIdx=79		-13.92
5814	3074	Vel	Zero=7	0		-27.47
5814	3074	Accel	Thrust=5 (0)	0			-2.15	-5.05
5814	3074			V=N HOLD_ANGLE_TVR Seg=-13.92 Targ=-11.83 Vel=-27.47 TVR=0.20 Thrust=5 IncAngDir=1
5824	3084	Ang	TargetIdx=-1		-14.15
5824	3084	Vel	Zero=3	0		-23.38
5824	3084	Accel	Thrust=5 (0)	1			4.09	-1.39
5824	3084			V=N HOLD_ANGLE_TVR Seg=-14.15 Targ=-11.83 Vel=-23.38 TVR=0.20 Thrust=4 IncAngDir=1
5834	3094	Ang	TargetIdx=-1		-14.34
5834	3094	Vel	Zero=12	0		-18.38
5834	3094	Accel	Thrust=4 (0)	1			5.00	2.32
5834	3094			V=N HOLD_ANGLE_TVR Seg=-14.34 Targ=-11.83 Vel=-18.38 TVR=0.20 Thrust=3 IncAngDir=1
5844	3104	Ang	TargetIdx=-1		-14.41
5844	3104	Vel	Zero=-1	0		-7.21
5844	3104	Accel	Thrust=3 (0)	1			11.17	6.75
5844	3104			V=N HOLD_ANGLE_TVR Seg=-14.41 Targ=-11.83 Vel=-7.21 TVR=0.20 Thrust=1 IncAngDir=1
5854	3114	Ang	TargetIdx=61		-14.37
5854	3114	Vel	Zero=-1 Min=0 Max=1	1		4.17
5854	3114	Accel	Thrust=1 (0)	1			11.38	9.18
5864	3124	Ang	TargetIdx=18		-14.23
5864	3124	Vel	Zero=-1 Min=100 Max=0	1		13.75
5864	3124	Accel	Thrust=1 (0)	1			9.58	10.71
5864	3124			BRAKE Thrust=0 or reverse: Targ<=40 V*5>Targ
5874	3134	Ang	TargetIdx=11		-14.03
5874	3134	Vel	Zero=-1 Min=100 Max=0	1		20.30
5874	3134	Accel	Thrust=0 (0)	1			6.55	9.17
5874	3134			BRAKE Thrust=0 or reverse: Targ<=40 V*5>Targ
5884	3144	Ang	TargetIdx=7		-13.75
5884	3144	Vel	Zero=-1 Min=100 Max=0	1		28.09
5884	3144	Accel	Thrust=-1 (0)	1			7.79	7.97
5884	3144			V=Y OPPOSE_MOTION_IN_RANGE Seg=-13.75 Targ=-11.83 Vel=28.09 TVR=0.20 Thrust=-5 IncAngDir=1
5894	3154	Ang	TargetIdx=5		-13.40
5894	3154	Vel	Zero=-1 Min=100 Max=0	1		34.55
5894	3154	Accel	Thrust=-5 (0)	1			6.46	6.93
5894	3154			V=Y OPPOSE_MOTION_IN_RANGE Seg=-13.40 Targ=-11.83 Vel=34.55 TVR=0.20 Thrust=-5 IncAngDir=1
5904	3164	Ang	TargetIdx=4		-13.06
5904	3164	Vel	Zero=-1 Min=100 Max=0	1		34.45
5904	3164	Accel	Thrust=-5 (0)	0			-0.09	4.72
5904	3164			V=Y OPPOSE_MOTION_IN_RANGE Seg=-13.06 Targ=-11.83 Vel=34.45 TVR=0.20 Thrust=-5 IncAngDir=1
5914	3174	Ang	TargetIdx=3		-12.74
5914	3174	Vel	Zero=10 Min=9 Max=0	1		31.19
5914	3174	Accel	Thrust=-5 (0)	0			-3.26	1.04
5914	3174			V=Y OPPOSE_MOTION_IN_RANGE Seg=-12.74 Targ=-11.83 Vel=31.19 TVR=0.20 Thrust=-5 IncAngDir=1
5924	3184	Ang	TargetIdx=4		-12.51
5924	3184	Vel	Zero=3 Min=3 Max=0	1		22.84
5924	3184	Accel	Thrust=-5 (0)	0			-8.35	-3.90
5924	3184			V=Y OPPOSE_MOTION_IN_RANGE Seg=-12.51 Targ=-11.83 Vel=22.84 TVR=0.20 Thrust=-4 IncAngDir=1
5934	3194	Ang	TargetIdx=4		-12.35
5934	3194	Vel	Zero=3 Min=2 Max=0	1		16.80
5934	3194	Accel	Thrust=-4 (0)	0			-6.04	-5.88
5934	3194			V=Y OPPOSE_MOTION_IN_RANGE Seg=-12.35 Targ=-11.83 Vel=16.80 TVR=0.20 Thrust=-3 IncAngDir=1
5944	3204	Ang	TargetIdx=4		-12.23
5944	3204	Vel	Zero=3 Min=2 Max=0	1		12.13
5944	3204	Accel	Thrust=-3 (0)	0			-4.68	-6.36
5944	3204			V=Y OPPOSE_MOTION_IN_RANGE Seg=-12.23 Targ=-11.83 Vel=12.13 TVR=0.20 Thrust=-2 IncAngDir=1
5954	3214	Ang	TargetIdx=4		-12.13
5954	3214	Vel	Zero=4 Min=2 Max=100	1		9.35
5954	3214	Accel	Thrust=-2 (0)	0			-2.78	-4.50
5954	3214			V=Y OPPOSE_MOTION_IN_RANGE Seg=-12.13 Targ=-11.83 Vel=9.35 TVR=0.20 Thrust=-1 IncAngDir=1
5964	3224	Ang	TargetIdx=8		-12.09
5964	3224	Vel	Zero=1 Min=0 Max=100	1		3.74
5964	3224	Accel	Thrust=-1 (0)	0			-5.61	-4.36
5964	3224			V=Y OPPOSE_MOTION_IN_RANGE Seg=-12.09 Targ=-11.83 Vel=3.74 TVR=0.20 Thrust=0 IncAngDir=1
5974	3234	Ang	TargetIdx=-1		-12.13
5974	3234	Vel	Zero=-1	0		-3.21
5974	3234	Accel	Thrust=0 (0)	0			-6.95	-5.11
5974	3234			V=N HOLD_ANGLE_TVR Seg=-12.13 Targ=-11.83 Vel=-3.21 TVR=0.20 Thrust=0 IncAngDir=1
5984	3244	Ang	TargetIdx=-1		-12.22
5984	3244	Vel	Zero=14	0		-9.23
5984	3244	Accel	Thrust=0 (0)	0			-6.02	-6.19
5984	3244			V=N HOLD_ANGLE_TVR Seg=-12.22 Targ=-11.83 Vel=-9.23 TVR=0.20 Thrust=1 IncAngDir=1
5994	3254	Ang	TargetIdx=-1		-12.36
5994	3254	Vel	Zero=3	0		-14.44
5994	3254	Accel	Thrust=1 (0)	0			-5.21	-6.06
5994	3254			V=N HOLD_ANGLE_TVR Seg=-12.36 Targ=-11.83 Vel=-14.44 TVR=0.20 Thrust=2 IncAngDir=1
6004	3264	Ang	TargetIdx=-1		-12.59
6004	3264	Vel	Zero=3	0		-22.78
6004	3264	Accel	Thrust=2 (0)	0			-8.34	-6.52
6004	3264			V=N HOLD_ANGLE_TVR Seg=-12.59 Targ=-11.83 Vel=-22.78 TVR=0.20 Thrust=4 IncAngDir=1
6014	3274	Ang	TargetIdx=-1		-12.89
6014	3274	Vel	Zero=3	0		-30.20
6014	3274	Accel	Thrust=4 (0)	0			-7.42	-6.99
6014	3274			V=N HOLD_ANGLE_TVR Seg=-12.89 Targ=-11.83 Vel=-30.20 TVR=0.20 Thrust=5 IncAngDir=1
6024	3284	Ang	TargetIdx=-1		-13.28
6024	3284	Vel	Zero=-1	0		-38.20
6024	3284	Accel	Thrust=5 (0)	0			-7.99	-7.92
6024	3284			V=N HOLD_ANGLE_TVR Seg=-13.28 Targ=-11.83 Vel=-38.20 TVR=0.20 Thrust=5 IncAngDir=1
6034	3294	Ang	TargetIdx=-1		-13.71
6034	3294	Vel	Zero=-1	0		-43.52
6034	3294	Accel	Thrust=5 (0)	0			-5.32	-6.91
6034	3294			V=N HOLD_ANGLE_TVR Seg=-13.71 Targ=-11.83 Vel=-43.52 TVR=0.20 Thrust=5 IncAngDir=1
6044	3304	Ang	TargetIdx=38		-14.13
6044	3304	Vel	Zero=-1	0		-41.91
6044	3304	Accel	Thrust=5 (0)	1			1.61	-3.90
6044	3304			V=N HOLD_ANGLE_TVR Seg=-14.13 Targ=-11.83 Vel=-41.91 TVR=0.20 Thrust=5 IncAngDir=1
6054	3314	Ang	TargetIdx=26		-14.49
6054	3314	Vel	Zero=-1	0		-35.90
6054	3314	Accel	Thrust=5 (0)	1			6.01	0.77
6054	3314			V=N HOLD_ANGLE_TVR Seg=-14.49 Targ=-11.83 Vel=-35.90 TVR=0.20 Thrust=5 IncAngDir=1
6064	3324	Ang	TargetIdx=40		-14.73
6064	3324	Vel	Zero=-1	0		-24.60
6064	3324	Accel	Thrust=5 (0)	1			11.30	6.31
6064	3324			V=N HOLD_ANGLE_TVR Seg=-14.73 Targ=-11.83 Vel=-24.60 TVR=0.20 Thrust=4 IncAngDir=1
6074	3334	Ang	TargetIdx=34		-14.86
6074	3334	Vel	Zero=-1	0		-12.32
6074	3334	Accel	Thrust=4 (0)	1			12.28	9.86
6074	3334			V=N HOLD_ANGLE_TVR Seg=-14.86 Targ=-11.83 Vel=-12.32 TVR=0.20 Thrust=2 IncAngDir=1
6084	3344	Ang	TargetIdx=-1		-14.83
6084	3344	Vel	Zero=-1 Min=0 Max=1	1		2.93
6084	3344	Accel	Thrust=2 (0)	1			15.24	12.94
6084	3344			START BRAKE Thrust=0: V=Y MaxVFI<5 T=Y 
6094	3354	Ang	TargetIdx=18		-14.66
6094	3354	Vel	Zero=-1 Min=100 Max=0	1		16.45
6094	3354	Accel	Thrust=0 (0)	1			13.52	13.68
6094	3354			BRAKE Thrust=0 or reverse: Targ<=40 V*5>Targ
6104	3364	Ang	TargetIdx=11		-14.41
6104	3364	Vel	Zero=-1 Min=100 Max=0	1		25.74
6104	3364	Accel	Thrust=-1 (0)	1			9.29	12.68
6104	3364			BRAKE Thrust=0 or reverse: Targ<=40 V*5>Targ
6114	3374	Ang	TargetIdx=7		-14.07
6114	3374	Vel	Zero=-1 Min=100 Max=0	1		33.55
6114	3374	Accel	Thrust=-2 (0)	1			7.81	10.21
6114	3374			BRAKE Thrust=0 or reverse: Targ<=40 V*5>Targ
6124	3384	Ang	TargetIdx=6		-13.71
6124	3384	Vel	Zero=-1 Min=100 Max=0	1		35.77
6124	3384	Accel	Thrust=-3 (0)	1			2.23	6.44
6124	3384			V=Y OPPOSE_MOTION_IN_RANGE Seg=-13.71 Targ=-11.83 Vel=35.77 TVR=0.20 Thrust=-5 IncAngDir=1
6134	3394	Ang	TargetIdx=5		-13.38
6134	3394	Vel	Zero=15 Min=13 Max=0	1		33.50
6134	3394	Accel	Thrust=-5 (0)	0			-2.27	2.59
6134	3394			V=Y OPPOSE_MOTION_IN_RANGE Seg=-13.38 Targ=-11.83 Vel=33.50 TVR=0.20 Thrust=-5 IncAngDir=1
6144	3404	Ang	TargetIdx=6		-13.12
6144	3404	Vel	Zero=4 Min=3 Max=0	1		25.55
6144	3404	Accel	Thrust=-5 (0)	0			-7.95	-2.66
6144	3404			V=Y OPPOSE_MOTION_IN_RANGE Seg=-13.12 Targ=-11.83 Vel=25.55 TVR=0.20 Thrust=-5 IncAngDir=1
6154	3414	Ang	TargetIdx=9		-12.99
6154	3414	Vel	Zero=2 Min=1 Max=0	1		13.29
6154	3414	Accel	Thrust=-5 (0)	0			-12.27	-7.50
6154	3414			V=Y OPPOSE_MOTION_IN_RANGE Seg=-12.99 Targ=-11.83 Vel=13.29 TVR=0.20 Thrust=-2 IncAngDir=1
6164	3424			Thrust=0: V=N InRange !IsMoving
6174	3434	Ang	TargetIdx=-1		-13.09
6174	3434	Vel	Zero=4	0		-9.19
6174	3434	Accel	Thrust=0 (0)	0			-8.53	-11.58
6174	3434			V=N HOLD_ANGLE_TVR Seg=-13.09 Targ=-11.83 Vel=-9.19 TVR=0.20 Thrust=1 IncAngDir=1
6184	3444	Ang	TargetIdx=39		-13.21
6184	3444	Vel	Zero=-1	0		-12.39
6184	3444	Accel	Thrust=1 (0)	0			-3.21	-8.56
6184	3444			V=N HOLD_ANGLE_TVR Seg=-13.21 Targ=-11.83 Vel=-12.39 TVR=0.20 Thrust=2 IncAngDir=1
6194	3454	Ang	TargetIdx=91		-13.39
6194	3454	Vel	Zero=-1	0		-18.14
6194	3454	Accel	Thrust=2 (0)	0			-5.75	-5.83
6194	3454			V=N HOLD_ANGLE_TVR Seg=-13.39 Targ=-11.83 Vel=-18.14 TVR=0.20 Thrust=3 IncAngDir=1
6204	3464	Ang	TargetIdx=55		-13.65
6204	3464	Vel	Zero=-1	0		-25.92
6204	3464	Accel	Thrust=3 (0)	0			-7.78	-5.58
6204	3464			V=N HOLD_ANGLE_TVR Seg=-13.65 Targ=-11.83 Vel=-25.92 TVR=0.20 Thrust=5 IncAngDir=1
6214	3474	Ang	TargetIdx=27		-13.97
6214	3474	Vel	Zero=-1	0		-31.23
6214	3474	Accel	Thrust=5 (0)	0			-5.31	-6.28
6214	3474			V=N HOLD_ANGLE_TVR Seg=-13.97 Targ=-11.83 Vel=-31.23 TVR=0.20 Thrust=5 IncAngDir=1
6224	3484	Ang	TargetIdx=91		-14.30
6224	3484	Vel	Zero=-1	0		-33.29
6224	3484	Accel	Thrust=5 (0)	0			-2.06	-5.05
6224	3484			V=N HOLD_ANGLE_TVR Seg=-14.30 Targ=-11.83 Vel=-33.29 TVR=0.20 Thrust=5 IncAngDir=1
6234	3494	Ang	TargetIdx=-1		-14.64
6234	3494	Vel	Zero=2	0		-34.11
6234	3494	Accel	Thrust=5 (0)	0			-0.82	-2.73
6234	3494			V=N HOLD_ANGLE_TVR Seg=-14.64 Targ=-11.83 Vel=-34.11 TVR=0.20 Thrust=5 IncAngDir=1
6244	3504	Ang	TargetIdx=74		-14.94
6244	3504	Vel	Zero=-1	0		-29.84
6244	3504	Accel	Thrust=5 (0)	1			4.27	0.46
6244	3504			V=N HOLD_ANGLE_TVR Seg=-14.94 Targ=-11.83 Vel=-29.84 TVR=0.20 Thrust=5 IncAngDir=1
6254	3514	Ang	TargetIdx=89		-15.17
6254	3514	Vel	Zero=5	0		-22.78
6254	3514	Accel	Thrust=5 (0)	1			7.05	3.50
6254	3514			V=N HOLD_ANGLE_TVR Seg=-15.17 Targ=-11.83 Vel=-22.78 TVR=0.20 Thrust=4 IncAngDir=1
6264	3524	Ang	TargetIdx=-1		-15.38
6264	3524	Vel	Zero=-1	0		-21.30
6264	3524	Accel	Thrust=4 (0)	1			1.48	4.27
6264	3524			V=N HOLD_ANGLE_TVR Seg=-15.38 Targ=-11.83 Vel=-21.30 TVR=0.20 Thrust=4 IncAngDir=1
6274	3534	Ang	TargetIdx=-1		-15.55
6274	3534	Vel	Zero=-1	0		-17.58
6274	3534	Accel	Thrust=4 (0)	1			3.72	4.08
6274	3534			V=N HOLD_ANGLE_TVR Seg=-15.55 Targ=-11.83 Vel=-17.58 TVR=0.20 Thrust=3 IncAngDir=1
6284	3544	Ang	TargetIdx=-1		-15.67
6284	3544	Vel	Zero=-1	0		-11.07
6284	3544	Accel	Thrust=3 (0)	1			6.51	3.90
6284	3544			V=N HOLD_ANGLE_TVR Seg=-15.67 Targ=-11.83 Vel=-11.07 TVR=0.20 Thrust=2 IncAngDir=1
6294	3554	Ang	TargetIdx=12		-15.75
6294	3554	Vel	Zero=-1	0		-8.39
6294	3554	Accel	Thrust=2 (0)	1			2.68	4.30
6294	3554			V=N HOLD_ANGLE_TVR Seg=-15.75 Targ=-11.83 Vel=-8.39 TVR=0.20 Thrust=1 IncAngDir=1
6304	3564	Ang	TargetIdx=-1		-15.72
6304	3564	Vel	Zero=-1 Min=0 Max=1	1		3.07
6304	3564	Accel	Thrust=1 (0)	1			11.47	6.89
6304	3564			START BRAKE Thrust=0: V=Y MaxVFI<5 T=Y 
6314	3574	Ang	TargetIdx=28		-15.58
6314	3574	Vel	Zero=-1 Min=100 Max=0	1		13.65
6314	3574	Accel	Thrust=0 (0)	1			10.58	8.24
6314	3574			Dec: Targ<100 Zero>100 V=Y A=Y V>Min Need=9 ThrDirCrt=0
6324	3584	Ang	TargetIdx=19		-15.39
6324	3584	Vel	Zero=-1 Min=100 Max=0	1		19.09
6324	3584	Accel	Thrust=-1 (0)	1			5.44	9.16
6324	3584			BRAKE Thrust=0 or reverse: Targ<=40 V*5>Targ
6334	3594	Ang	TargetIdx=17		-15.19
6334	3594	Vel	Zero=-1 Min=100 Max=0	1		20.53
6334	3594	Accel	Thrust=-2 (0)	1			1.44	5.82
6334	3594			BRAKE Thrust=0 or reverse: Targ<=40 V*5>Targ
6344	3604	Ang	TargetIdx=15		-14.97
6344	3604	Vel	Zero=-1 Min=100 Max=0	1		21.69
6344	3604	Accel	Thrust=-3 (0)	1			1.16	2.68
6344	3604			BRAKE Thrust=0 or reverse: Targ<=40 V*5>Targ
6354	3614	Ang	TargetIdx=18		-14.80
6354	3614	Vel	Zero=4 Min=3 Max=0	1		17.20
6354	3614	Accel	Thrust=-4 (0)	0			-4.49	-0.63
6354	3614			BRAKE Thrust=0 or reverse: Targ<=40 V*5>Targ
6364	3624	Ang	TargetIdx=26		-14.68
6364	3624	Vel	Zero=2 Min=2 Max=0	1		11.39
6364	3624	Accel	Thrust=-5 (0)	0			-5.81	-3.05
6374	3634	Ang	TargetIdx=51		-14.63
6374	3634	Vel	Zero=1 Min=1 Max=100	1		5.54
6374	3634	Accel	Thrust=-5 (0)	0			-5.85	-5.38
6374	3634			Stop Brake T=0: will stop too soon Targ>5 MinVelInd<5 T=N
6384	3644	Ang	TargetIdx=51		-14.67
6384	3644	Vel	Zero=1	0		-4.65
6384	3644	Accel	Thrust=0 (0)	0			-10.18	-7.28
6384	3644			V=N HOLD_ANGLE_TVR Seg=-14.67 Targ=-11.83 Vel=-4.65 TVR=0.20 Thrust=0 IncAngDir=1
6394	3654	Ang	TargetIdx=51		-14.83
6394	3654	Vel	Zero=1	0		-15.51
6394	3654	Accel	Thrust=0 (0)	0			-10.86	-8.97
6394	3654			V=N HOLD_ANGLE_TVR Seg=-14.83 Targ=-11.83 Vel=-15.51 TVR=0.20 Thrust=3 IncAngDir=1
6404	3664	Ang	TargetIdx=24		-15.03
6404	3664	Vel	Zero=-1	0		-20.10
6404	3664	Accel	Thrust=3 (0)	0			-4.59	-8.54
6404	3664			V=N HOLD_ANGLE_TVR Seg=-15.03 Targ=-11.83 Vel=-20.10 TVR=0.20 Thrust=4 IncAngDir=1
6414	3674	Ang	TargetIdx=19		-15.25
6414	3674	Vel	Zero=-1	0		-21.84
6414	3674	Accel	Thrust=4 (0)	0			-1.74	-5.73
6414	3674			V=N HOLD_ANGLE_TVR Seg=-15.25 Targ=-11.83 Vel=-21.84 TVR=0.20 Thrust=4 IncAngDir=1
6424	3684	Ang	TargetIdx=94		-15.49
6424	3684	Vel	Zero=-1	0		-24.32
6424	3684	Accel	Thrust=4 (0)	0			-2.49	-2.94
6424	3684			V=N HOLD_ANGLE_TVR Seg=-15.49 Targ=-11.83 Vel=-24.32 TVR=0.20 Thrust=4 IncAngDir=1
6434	3694	Ang	TargetIdx=-1		-15.74
6434	3694	Vel	Zero=-1	0		-24.84
6434	3694	Accel	Thrust=4 (0)	0			-0.52	-1.58
6434	3694			V=N HOLD_ANGLE_TVR Seg=-15.74 Targ=-11.83 Vel=-24.84 TVR=0.20 Thrust=4 IncAngDir=1
6444	3704	Ang	TargetIdx=-1		-16.01
6444	3704	Vel	Zero=-1	0		-26.76
6444	3704	Accel	Thrust=4 (0)	0			-1.92	-1.64
6444	3704			V=N HOLD_ANGLE_TVR Seg=-16.01 Targ=-11.83 Vel=-26.76 TVR=0.20 Thrust=5 IncAngDir=1
6454	3714	Ang	TargetIdx=19		-16.25
6454	3714	Vel	Zero=-1	0		-23.76
6454	3714	Accel	Thrust=5 (0)	1			3.00	0.19
6454	3714			V=N HOLD_ANGLE_TVR Seg=-16.25 Targ=-11.83 Vel=-23.76 TVR=0.20 Thrust=4 IncAngDir=1
6464	3724	Ang	TargetIdx=18		-16.38
6464	3724	Vel	Zero=-1	0		-13.37
6464	3724	Accel	Thrust=4 (0)	1			10.39	3.82
6464	3724			V=N HOLD_ANGLE_TVR Seg=-16.38 Targ=-11.83 Vel=-13.37 TVR=0.20 Thrust=2 IncAngDir=1
6474	3734	Ang	TargetIdx=41		-16.40
6474	3734	Vel	Zero=1	0		-1.77
6474	3734	Accel	Thrust=2 (0)	1			11.60	8.33
6474	3734			V=N HOLD_ANGLE_TVR Seg=-16.40 Targ=-11.83 Vel=-1.77 TVR=0.20 Thrust=0 IncAngDir=1
6484	3744	Ang	TargetIdx=75		-16.34
6484	3744	Vel	Zero=-1 Min=100 Max=1	1		6.03
6484	3744	Accel	Thrust=0 (0)	1			7.79	9.93
6494	3754	Ang	TargetIdx=40		-16.22
6494	3754	Vel	Zero=-1 Min=100 Max=0	1		11.16
6494	3754	Accel	Thrust=0 (0)	1			5.14	8.18
6494	3754			Dec: Targ<100 Zero>100 V=Y A=Y V>Min Need=9 ThrDirCrt=0
6504	3764	Ang	TargetIdx=29		-16.07
6504	3764	Vel	Zero=-1 Min=100 Max=0	1		15.08
6504	3764	Accel	Thrust=-1 (0)	1			3.92	5.62
6504	3764			Dec: Targ<100 Zero>100 V=Y A=Y V>Min Need=9 ThrDirCrt=0
6514	3774	Ang	TargetIdx=20		-15.87
6514	3774	Vel	Zero=-1 Min=100 Max=0	1		20.60
6514	3774	Accel	Thrust=-2 (0)	1			5.52	4.86
6514	3774			BRAKE Thrust=0 or reverse: Targ<=40 V*5>Targ
6524	3784	Ang	TargetIdx=15		-15.60
6524	3784	Vel	Zero=-1 Min=100 Max=0	1		26.37
6524	3784	Accel	Thrust=-3 (0)	1			5.77	5.07
6524	3784			BRAKE Thrust=0 or reverse: Targ<=40 V*5>Targ
6534	3794	Ang	TargetIdx=15		-15.35
6534	3794	Vel	Zero=20 Min=16 Max=0	1		25.08
6534	3794	Accel	Thrust=-4 (0)	0			-1.29	3.33
6534	3794			BRAKE Thrust=0 or reverse: Targ<=40 V*5>Targ
6544	3804	Ang	TargetIdx=17		-15.15
6544	3804	Vel	Zero=5 Min=4 Max=0	1		20.66
6544	3804	Accel	Thrust=-5 (0)	0			-4.42	0.02
6544	3804			BRAKE Thrust=0 or reverse: Targ<=40 V*5>Targ
6554	3814	Ang	TargetIdx=19		-14.98
6554	3814	Vel	Zero=5 Min=3 Max=0	1		16.68
6554	3814	Accel	Thrust=-5 (0)	0			-3.98	-3.23
6554	3814			BRAKE Thrust=0 or reverse: Targ<=40 V*5>Targ
6564	3824	Ang	TargetIdx=34		-14.89
6564	3824	Vel	Zero=2 Min=1 Max=100	1		9.13
6564	3824	Accel	Thrust=-5 (0)	0			-7.55	-5.32
6564	3824			Stop Brake T=0: will stop too soon Targ>5 MinVelInd<5 T=N
6574	3834	Ang	TargetIdx=79		-14.85
6574	3834	Vel	Zero=1 Min=0 Max=100	1		3.84
6574	3834	Accel	Thrust=0 (0)	0			-5.30	-5.61
6574	3834			Inc: will stop too soon Targ>5 MinVelInd<5 
6584	3844	Ang	TargetIdx=-1		-14.83
6584	3844	Vel	Zero=1 Min=0 Max=100	1		1.84
6584	3844	Accel	Thrust=1 (0)	0			-2.00	-4.95
6584	3844			Inc: V=Y V<MinV T=Y A=N
6594	3854	Ang	TargetIdx=70		-14.86
6594	3854	Vel	Zero=-1	0		-3.20
6594	3854	Accel	Thrust=2 (0)	0			-5.04	-4.11
6594	3854			V=N HOLD_ANGLE_TVR Seg=-14.86 Targ=-11.83 Vel=-3.20 TVR=0.20 Thrust=0 IncAngDir=1
6604	3864	Ang	TargetIdx=-1		-14.94
6604	3864	Vel	Zero=-1	0		-7.20
6604	3864	Accel	Thrust=0 (0)	0			-3.99	-3.68
6604	3864			V=N HOLD_ANGLE_TVR Seg=-14.94 Targ=-11.83 Vel=-7.20 TVR=0.20 Thrust=1 IncAngDir=1
6614	3874	Ang	TargetIdx=67		-15.03
6614	3874	Vel	Zero=-1	0		-9.68
6614	3874	Accel	Thrust=1 (0)	0			-2.49	-3.84
6614	3874			V=N HOLD_ANGLE_TVR Seg=-15.03 Targ=-11.83 Vel=-9.68 TVR=0.20 Thrust=1 IncAngDir=1
6624	3884	Ang	TargetIdx=61		-15.12
6624	3884	Vel	Zero=-1	0		-8.90
6624	3884	Accel	Thrust=1 (0)	1			0.79	-1.90
6624	3884			V=N HOLD_ANGLE_TVR Seg=-15.12 Targ=-11.83 Vel=-8.90 TVR=0.20 Thrust=1 IncAngDir=1
6634	3894	Ang	TargetIdx=45		-15.22
6634	3894	Vel	Zero=5	0		-10.11
6634	3894	Accel	Thrust=1 (0)	0			-1.21	-0.97
6634	3894			V=N HOLD_ANGLE_TVR Seg=-15.22 Targ=-11.83 Vel=-10.11 TVR=0.20 Thrust=2 IncAngDir=1
6644	3904	Ang	TargetIdx=74		-15.32
6644	3904	Vel	Zero=2	0		-9.87
6644	3904	Accel	Thrust=2 (0)	1			0.24	-0.06
6644	3904			V=N HOLD_ANGLE_TVR Seg=-15.32 Targ=-11.83 Vel=-9.87 TVR=0.20 Thrust=1 IncAngDir=1
6654	3914	Ang	TargetIdx=92		-15.39
6654	3914	Vel	Zero=4	0		-6.68
6654	3914	Accel	Thrust=1 (0)	1			3.19	0.74
6654	3914			V=N HOLD_ANGLE_TVR Seg=-15.39 Targ=-11.83 Vel=-6.68 TVR=0.20 Thrust=1 IncAngDir=1
6664	3924	Ang	TargetIdx=-1		-15.42
6664	3924	Vel	Zero=-1	0		-3.42
6664	3924	Accel	Thrust=1 (0)	1			3.25	2.23
6664	3924			V=N HOLD_ANGLE_TVR Seg=-15.42 Targ=-11.83 Vel=-3.42 TVR=0.20 Thrust=0 IncAngDir=1
6674	3934	Ang	TargetIdx=95		-15.38
6674	3934	Vel	Zero=-1 Min=0 Max=1	1		3.75
6674	3934	Accel	Thrust=0 (0)	1			7.18	4.54
6684	3944	Ang	TargetIdx=40		-15.30
6684	3944	Vel	Zero=-1 Min=100 Max=1	1		8.72
6684	3944	Accel	Thrust=0 (0)	1			4.97	5.13
6694	3954	Ang	TargetIdx=29		-15.18
6694	3954	Vel	Zero=-1 Min=100 Max=0	1		11.86
6694	3954	Accel	Thrust=0 (0)	1			3.14	5.09
6694	3954			Dec: Targ<100 Zero>100 V=Y A=Y V>Min Need=9 ThrDirCrt=0
6704	3964	Ang	TargetIdx=21		-15.02
6704	3964	Vel	Zero=-1 Min=100 Max=0	1		15.42
6704	3964	Accel	Thrust=-1 (0)	1			3.56	3.89
6704	3964			BRAKE Thrust=0 or reverse: Targ<=40 V*5>Targ
6714	3974	Ang	TargetIdx=16		-14.83
6714	3974	Vel	Zero=-1 Min=100 Max=0	1		19.77
6714	3974	Accel	Thrust=-2 (0)	1			4.35	3.68
6714	3974			BRAKE Thrust=0 or reverse: Targ<=40 V*5>Targ
6724	3984	Ang	TargetIdx=12		-14.59
6724	3984	Vel	Zero=-1 Min=100 Max=0	1		24.23
6724	3984	Accel	Thrust=-3 (0)	1			4.47	4.12
6724	3984			BRAKE Thrust=0 or reverse: Targ<=40 V*5>Targ
6734	3994	Ang	TargetIdx=9		-14.29
6734	3994	Vel	Zero=-1 Min=100 Max=0	1		29.50
6734	3994	Accel	Thrust=-4 (0)	1			5.27	4.69
6734	3994			BRAKE Thrust=0 or reverse: Targ<=40 V*5>Targ
6744	4004	Ang	TargetIdx=8		-13.99
6744	4004	Vel	Zero=-1 Min=100 Max=0	1		29.64
6744	4004	Accel	Thrust=-5 (0)	1			0.15	3.29
6744	4004			BRAKE Thrust=0 or reverse: Targ<=40 V*5>Targ
6754	4014	Ang	TargetIdx=8		-13.73
6754	4014	Vel	Zero=9 Min=7 Max=0	1		26.55
6754	4014	Accel	Thrust=-5 (0)	0			-3.09	0.77
6754	4014			V=Y OPPOSE_MOTION_IN_RANGE Seg=-13.73 Targ=-11.83 Vel=26.55 TVR=0.20 Thrust=-5 IncAngDir=1
6764	4024	Ang	TargetIdx=8		-13.51
6764	4024	Vel	Zero=5 Min=4 Max=0	1		22.09
6764	4024	Accel	Thrust=-5 (0)	0			-4.47	-2.47
6764	4024			V=Y OPPOSE_MOTION_IN_RANGE Seg=-13.51 Targ=-11.83 Vel=22.09 TVR=0.20 Thrust=-4 IncAngDir=1
6774	4034	Ang	TargetIdx=11		-13.36
6774	4034	Vel	Zero=2 Min=2 Max=0	1		14.64
6774	4034	Accel	Thrust=-4 (0)	0			-7.45	-5.00
6774	4034			V=Y OPPOSE_MOTION_IN_RANGE Seg=-13.36 Targ=-11.83 Vel=14.64 TVR=0.20 Thrust=-2 IncAngDir=1
6784	4044			Thrust=0: V=N InRange !IsMoving
6794	4054	Ang	TargetIdx=-1		-13.45
6794	4054	Vel	Zero=-1	0		-9.49
6794	4054	Accel	Thrust=0 (0)	0			-10.45	-10.52
6794	4054			V=N HOLD_ANGLE_TVR Seg=-13.45 Targ=-11.83 Vel=-9.49 TVR=0.20 Thrust=1 IncAngDir=1
6804	4064	Ang	TargetIdx=-1		-13.64
6804	4064	Vel	Zero=-1	0		-19.03
6804	4064	Accel	Thrust=1 (0)	0			-9.55	-11.22
6804	4064			V=N HOLD_ANGLE_TVR Seg=-13.64 Targ=-11.83 Vel=-19.03 TVR=0.20 Thrust=3 IncAngDir=1
6814	4074	Ang	TargetIdx=29		-13.95
6814	4074	Vel	Zero=-1	0		-31.74
6814	4074	Accel	Thrust=3 (0)	0			-12.71	-10.90
6814	4074			V=N HOLD_ANGLE_TVR Seg=-13.95 Targ=-11.83 Vel=-31.74 TVR=0.20 Thrust=5 IncAngDir=1
6824	4084	Ang	TargetIdx=67		-14.32
6824	4084	Vel	Zero=1	0		-36.45
6824	4084	Accel	Thrust=5 (0)	0			-4.70	-8.99
6824	4084			V=N HOLD_ANGLE_TVR Seg=-14.32 Targ=-11.83 Vel=-36.45 TVR=0.20 Thrust=5 IncAngDir=1
6834	4094	Ang	TargetIdx=-1		-14.68
6834	4094	Vel	Zero=4	0		-36.12
6834	4094	Accel	Thrust=5 (0)	1			0.33	-5.69
6834	4094			V=N HOLD_ANGLE_TVR Seg=-14.68 Targ=-11.83 Vel=-36.12 TVR=0.20 Thrust=5 IncAngDir=1
6844	4104	Ang	TargetIdx=85		-15.01
6844	4104	Vel	Zero=-1	0		-32.84
6844	4104	Accel	Thrust=5 (0)	1			3.28	-0.36
6844	4104			V=N HOLD_ANGLE_TVR Seg=-15.01 Targ=-11.83 Vel=-32.84 TVR=0.20 Thrust=5 IncAngDir=1
6854	4114	Ang	TargetIdx=35		-15.27
6854	4114	Vel	Zero=3	0		-25.93
6854	4114	Accel	Thrust=5 (0)	1			6.91	3.51
6854	4114			V=N HOLD_ANGLE_TVR Seg=-15.27 Targ=-11.83 Vel=-25.93 TVR=0.20 Thrust=5 IncAngDir=1
6864	4124	Ang	TargetIdx=-1		-15.43
6864	4124	Vel	Zero=-1	0		-16.27
6864	4124	Accel	Thrust=5 (0)	1			9.66	6.62
6864	4124			V=N HOLD_ANGLE_TVR Seg=-15.43 Targ=-11.83 Vel=-16.27 TVR=0.20 Thrust=3 IncAngDir=1
6874	4134	Ang	TargetIdx=-1		-15.45
6874	4134	Vel	Zero=1	0		-1.94
6874	4134	Accel	Thrust=3 (0)	1			14.33	10.30
6874	4134			V=N HOLD_ANGLE_TVR Seg=-15.45 Targ=-11.83 Vel=-1.94 TVR=0.20 Thrust=0 IncAngDir=1
6884	4144	Ang	TargetIdx=44		-15.37
6884	4144	Vel	Zero=-1 Min=100 Max=1	1		8.19
6884	4144	Accel	Thrust=0 (0)	1			10.14	11.37
6894	4154	Ang	TargetIdx=18		-15.18
6894	4154	Vel	Zero=-1 Min=100 Max=0	1		18.80
6894	4154	Accel	Thrust=0 (0)	1			10.60	11.69
6894	4154			BRAKE Thrust=0 or reverse: Targ<=40 V*5>Targ
6904	4164	Ang	TargetIdx=11		-14.90
6904	4164	Vel	Zero=-1 Min=100 Max=0	1		28.24
6904	4164	Accel	Thrust=-1 (0)	1			9.44	10.06
6904	4164			BRAKE Thrust=0 or reverse: Targ<=40 V*5>Targ
6914	4174	Ang	TargetIdx=9		-14.58
6914	4174	Vel	Zero=-1 Min=100 Max=0	1		31.99
6914	4174	Accel	Thrust=-2 (0)	1			3.75	7.93
6914	4174			BRAKE Thrust=0 or reverse: Targ<=40 V*5>Targ
6924	4184	Ang	TargetIdx=8		-14.25
6924	4184	Vel	Zero=-1 Min=100 Max=0	1		32.92
6924	4184	Accel	Thrust=-3 (0)	1			0.93	4.71
6924	4184			BRAKE Thrust=0 or reverse: Targ<=40 V*5>Targ
6934	4194	Ang	TargetIdx=7		-13.92
6934	4194	Vel	Zero=82 Min=70 Max=0	1		32.52
6934	4194	Accel	Thrust=-4 (0)	0			-0.40	1.43
6934	4194			BRAKE Thrust=0 or reverse: Targ<=40 V*5>Targ
6944	4204	Ang	TargetIdx=6		-13.62
6944	4204	Vel	Zero=14 Min=11 Max=0	1		30.20
6944	4204	Accel	Thrust=-5 (0)	0			-2.32	-0.60
6944	4204			V=Y OPPOSE_MOTION_IN_RANGE Seg=-13.62 Targ=-11.83 Vel=30.20 TVR=0.20 Thrust=-5 IncAngDir=1
6954	4214	Ang	TargetIdx=7		-13.39
6954	4214	Vel	Zero=4 Min=3 Max=0	1		23.35
6954	4214	Accel	Thrust=-5 (0)	0			-6.85	-3.19
6954	4214			V=Y OPPOSE_MOTION_IN_RANGE Seg=-13.39 Targ=-11.83 Vel=23.35 TVR=0.20 Thrust=-4 IncAngDir=1
6964	4224	Ang	TargetIdx=9		-13.23
6964	4224	Vel	Zero=3 Min=2 Max=0	1		15.87
6964	4224	Accel	Thrust=-4 (0)	0			-7.49	-5.55
6964	4224			V=Y OPPOSE_MOTION_IN_RANGE Seg=-13.23 Targ=-11.83 Vel=15.87 TVR=0.20 Thrust=-3 IncAngDir=1
6974	4234	Ang	TargetIdx=19		-13.16
6974	4234	Vel	Zero=1 Min=1 Max=100	1		7.07
6974	4234	Accel	Thrust=-3 (0)	0			-8.79	-7.71
6974	4234			V=Y OPPOSE_MOTION_IN_RANGE Seg=-13.16 Targ=-11.83 Vel=7.07 TVR=0.20 Thrust=-1 IncAngDir=1
6984	4244	Ang	TargetIdx=19		-13.21
6984	4244	Vel	Zero=1	0		-5.09
6984	4244	Accel	Thrust=-1 (0)	0			-12.16	-9.48
6984	4244			V=N HOLD_ANGLE_TVR Seg=-13.21 Targ=-11.83 Vel=-5.09 TVR=0.20 Thrust=1 IncAngDir=1
6994	4254	Ang	TargetIdx=19		-13.40
6994	4254	Vel	Zero=1	0		-18.83
6994	4254	Accel	Thrust=1 (0)	0			-13.74	-11.56
6994	4254			V=N HOLD_ANGLE_TVR Seg=-13.40 Targ=-11.83 Vel=-18.83 TVR=0.20 Thrust=3 IncAngDir=1
7005	4265	Ang	TargetIdx=-1		-13.69
7005	4265	Vel	Zero=-1	0		-29.16
7005	4265	Accel	Thrust=3 (0)	0			-10.33	-12.08
7005	4265			V=N HOLD_ANGLE_TVR Seg=-13.69 Targ=-11.83 Vel=-29.16 TVR=0.20 Thrust=5 IncAngDir=1
7014	4274	Ang	TargetIdx=-1		-14.06
7014	4274	Vel	Zero=-1	0		-37.32
7014	4274	Accel	Thrust=5 (0)	0			-8.16	-10.74
7014	4274			V=N HOLD_ANGLE_TVR Seg=-14.06 Targ=-11.83 Vel=-37.32 TVR=0.20 Thrust=5 IncAngDir=1
7024	4284	Ang	TargetIdx=-1		-14.51
7024	4284	Vel	Zero=7	0		-44.88
7024	4284	Accel	Thrust=5 (0)	0			-7.56	-8.68
7024	4284			V=N HOLD_ANGLE_TVR Seg=-14.51 Targ=-11.83 Vel=-44.88 TVR=0.20 Thrust=5 IncAngDir=1
7034	4294	Ang	TargetIdx=-1		-14.97
7034	4294	Vel	Zero=3	0		-45.78
7034	4294	Accel	Thrust=5 (0)	0			-0.89	-5.54
7034	4294			V=N HOLD_ANGLE_TVR Seg=-14.97 Targ=-11.83 Vel=-45.78 TVR=0.20 Thrust=5 IncAngDir=1
7044	4304	Ang	TargetIdx=-1		-15.39
7044	4304	Vel	Zero=-1	0		-42.29
7044	4304	Accel	Thrust=5 (0)	1			3.48	-1.66
7044	4304			V=N HOLD_ANGLE_TVR Seg=-15.39 Targ=-11.83 Vel=-42.29 TVR=0.20 Thrust=5 IncAngDir=1
7054	4314	Ang	TargetIdx=-1		-15.77
7054	4314	Vel	Zero=-1	0		-38.16
7054	4314	Accel	Thrust=5 (0)	1			4.14	2.24
7054	4314			V=N HOLD_ANGLE_TVR Seg=-15.77 Targ=-11.83 Vel=-38.16 TVR=0.20 Thrust=5 IncAngDir=1
7064	4324	Ang	TargetIdx=-1		-16.06
7064	4324	Vel	Zero=-1	0		-28.49
7064	4324	Accel	Thrust=5 (0)	1			9.66	5.76
7064	4324			V=N HOLD_ANGLE_TVR Seg=-16.06 Targ=-11.83 Vel=-28.49 TVR=0.20 Thrust=5 IncAngDir=1
7074	4334	Ang	TargetIdx=78		-16.21
7074	4334	Vel	Zero=-1	0		-15.07
7074	4334	Accel	Thrust=5 (0)	1			13.43	9.08
7074	4334			V=N HOLD_ANGLE_TVR Seg=-16.21 Targ=-11.83 Vel=-15.07 TVR=0.20 Thrust=3 IncAngDir=1
7084	4344			Thrust=0: V=N InRange !IsMoving
7094	4354	Ang	TargetIdx=35		-16.08
7094	4354	Vel	Zero=-1 Min=100 Max=0	1		12.42
7094	4354	Accel	Thrust=0 (0)	1			11.60	13.64
7094	4354			Dec: Targ<100 Zero>100 V=Y A=Y V>Min Need=9 ThrDirCrt=0
7104	4364	Ang	TargetIdx=19		-15.86
7104	4364	Vel	Zero=-1 Min=100 Max=0	1		21.32
7104	4364	Accel	Thrust=-1 (0)	1			8.90	12.13
7104	4364			BRAKE Thrust=0 or reverse: Targ<=40 V*5>Targ
7114	4374	Ang	TargetIdx=14		-15.58
7114	4374	Vel	Zero=-1 Min=100 Max=0	1		28.45
7114	4374	Accel	Thrust=-2 (0)	1			7.14	9.21
7114	4374			BRAKE Thrust=0 or reverse: Targ<=40 V*5>Targ
7124	4384	Ang	TargetIdx=12		-15.27
7124	4384	Vel	Zero=-1 Min=100 Max=0	1		30.36
7124	4384	Accel	Thrust=-3 (0)	1			1.91	5.98
7124	4384			BRAKE Thrust=0 or reverse: Targ<=40 V*5>Targ
7134	4394	Ang	TargetIdx=12		-15.00
7134	4394	Vel	Zero=11 Min=9 Max=0	1		27.61
7134	4394	Accel	Thrust=-4 (0)	0			-2.75	2.10
7134	4394			BRAKE Thrust=0 or reverse: Targ<=40 V*5>Targ
7144	4404	Ang	TargetIdx=13		-14.76
7144	4404	Vel	Zero=6 Min=5 Max=0	1		23.35
7144	4404	Accel	Thrust=-5 (0)	0			-4.27	-1.70
7144	4404			BRAKE Thrust=0 or reverse: Targ<=40 V*5>Targ
7154	4414	Ang	TargetIdx=20		-14.63
7154	4414	Vel	Zero=2 Min=1 Max=0	1		13.99
7154	4414	Accel	Thrust=-5 (0)	0			-9.36	-5.46
7154	4414			BRAKE Thrust=0 or reverse: Targ<=40 V*5>Targ
7164	4424	Ang	TargetIdx=49		-14.57
7164	4424	Vel	Zero=1 Min=1 Max=100	1		5.66
7164	4424	Accel	Thrust=-5 (0)	0			-8.33	-7.32
7164	4424			Stop Brake T=0: will stop too soon Targ>5 MinVelInd<5 T=N
7174	4434	Ang	TargetIdx=40		-14.60
7174	4434	Vel	Zero=2	0		-3.49
7174	4434	Accel	Thrust=0 (0)	0			-9.15	-8.94
7174	4434			V=N HOLD_ANGLE_TVR Seg=-14.60 Targ=-11.83 Vel=-3.49 TVR=0.20 Thrust=0 IncAngDir=1
7184	4444	Ang	TargetIdx=26		-14.74
7184	4444	Vel	Zero=-1	0		-13.32
7184	4444	Accel	Thrust=0 (0)	0			-9.84	-9.10
7184	4444			V=N HOLD_ANGLE_TVR Seg=-14.74 Targ=-11.83 Vel=-13.32 TVR=0.20 Thrust=2 IncAngDir=1
7195	4455	Ang	TargetIdx=27		-14.98
7195	4455	Vel	Zero=14	0		-24.29
7195	4455	Accel	Thrust=2 (0)	0			-10.97	-9.98
7195	4455			V=N HOLD_ANGLE_TVR Seg=-14.98 Targ=-11.83 Vel=-24.29 TVR=0.20 Thrust=4 IncAngDir=1
7205	4465	Ang	TargetIdx=-1		-15.28
7205	4465	Vel	Zero=-1	0		-30.46
7205	4465	Accel	Thrust=4 (0)	0			-6.17	-8.99
7205	4465			V=N HOLD_ANGLE_TVR Seg=-15.28 Targ=-11.83 Vel=-30.46 TVR=0.20 Thrust=5 IncAngDir=1
7214	4474	Ang	TargetIdx=-1		-15.64
7214	4474	Vel	Zero=-1	0		-35.57
7214	4474	Accel	Thrust=5 (0)	0			-5.11	-7.41
7214	4474			V=N HOLD_ANGLE_TVR Seg=-15.64 Targ=-11.83 Vel=-35.57 TVR=0.20 Thrust=5 IncAngDir=1
7224	4484	Ang	TargetIdx=-1		-16.03
7224	4484	Vel	Zero=-1	0		-39.23
7224	4484	Accel	Thrust=5 (0)	0			-3.66	-4.98
7224	4484			V=N HOLD_ANGLE_TVR Seg=-16.03 Targ=-11.83 Vel=-39.23 TVR=0.20 Thrust=5 IncAngDir=1
7234	4494	Ang	TargetIdx=-1		-16.44
7234	4494	Vel	Zero=3	0		-40.87
7234	4494	Accel	Thrust=5 (0)	0			-1.65	-3.47
7234	4494			V=N HOLD_ANGLE_TVR Seg=-16.44 Targ=-11.83 Vel=-40.87 TVR=0.20 Thrust=5 IncAngDir=1
7244	4504	Ang	TargetIdx=-1		-16.84
7244	4504	Vel	Zero=1	0		-40.12
7244	4504	Accel	Thrust=5 (0)	1			0.76	-1.52
7244	4504			V=N HOLD_ANGLE_TVR Seg=-16.84 Targ=-11.83 Vel=-40.12 TVR=0.20 Thrust=5 IncAngDir=1
7254	4514	Ang	TargetIdx=60		-17.20
7254	4514	Vel	Zero=-1	0		-36.19
7254	4514	Accel	Thrust=5 (0)	1			3.93	1.01
7254	4514			V=N HOLD_ANGLE_TVR Seg=-17.20 Targ=-11.83 Vel=-36.19 TVR=0.20 Thrust=5 IncAngDir=1
7264	4524	Ang	TargetIdx=41		-17.47
7264	4524	Vel	Zero=-1	0		-26.65
7264	4524	Accel	Thrust=5 (0)	1			9.53	4.74
7264	4524			V=N HOLD_ANGLE_TVR Seg=-17.47 Targ=-11.83 Vel=-26.65 TVR=0.20 Thrust=5 IncAngDir=1
7274	4534	Ang	TargetIdx=26		-17.65
7274	4534	Vel	Zero=-1	0		-17.94
7274	4534	Accel	Thrust=5 (0)	1			8.71	7.39
7274	4534			V=N HOLD_ANGLE_TVR Seg=-17.65 Targ=-11.83 Vel=-17.94 TVR=0.20 Thrust=3 IncAngDir=1
7285	4545			Thrust=0: V=N InRange !IsMoving
7294	4554	Ang	TargetIdx=40		-17.51
7294	4554	Vel	Zero=-1 Min=100 Max=0	1		14.39
7294	4554	Accel	Thrust=0 (0)	1			14.95	13.68
7294	4554			Dec: Targ<100 Zero>100 V=Y A=Y V>Min Need=9 ThrDirCrt=0
7304	4564	Ang	TargetIdx=22		-17.26
7304	4564	Vel	Zero=-1 Min=100 Max=0	1		25.52
7304	4564	Accel	Thrust=-1 (0)	1			11.13	14.49
7304	4564			BRAKE Thrust=0 or reverse: Targ<=40 V*5>Targ
7315	4575	Ang	TargetIdx=16		-16.93
7315	4575	Vel	Zero=-1 Min=100 Max=0	1		33.12
7315	4575	Accel	Thrust=-2 (0)	1			7.60	11.23
7315	4575			BRAKE Thrust=0 or reverse: Targ<=40 V*5>Targ
7324	4584	Ang	TargetIdx=13		-16.55
7324	4584	Vel	Zero=-1 Min=100 Max=0	1		37.35
7324	4584	Accel	Thrust=-3 (0)	1			4.24	7.65
7324	4584			BRAKE Thrust=0 or reverse: Targ<=40 V*5>Targ
7335	4595	Ang	TargetIdx=12		-16.17
7335	4595	Vel	Zero=-1 Min=100 Max=0	1		38.32
7335	4595	Accel	Thrust=-4 (0)	1			0.97	4.27
7335	4595			BRAKE Thrust=0 or reverse: Targ<=40 V*5>Targ
7344	4604	Ang	TargetIdx=12		-15.83
7344	4604	Vel	Zero=8 Min=7 Max=0	1		33.94
7344	4604	Accel	Thrust=-5 (0)	0			-4.38	0.27
7344	4604			BRAKE Thrust=0 or reverse: Targ<=40 V*5>Targ
7354	4614	Ang	TargetIdx=17		-15.60
7354	4614	Vel	Zero=3 Min=2 Max=0	1		23.35
7354	4614	Accel	Thrust=-5 (0)	0			-10.60	-4.67
7354	4614			BRAKE Thrust=0 or reverse: Targ<=40 V*5>Targ
7364	4624	Ang	TargetIdx=31		-15.48
7364	4624	Vel	Zero=2 Min=1 Max=0	1		12.03
7364	4624	Accel	Thrust=-5 (0)	0			-11.32	-8.77
7374	4634	Ang	TargetIdx=29		-15.49
7374	4634	Vel	Zero=-1	0		-1.65
7374	4634	Accel	Thrust=-5 (0)	0			-13.68	-11.87
7374	4634			V=N HOLD_ANGLE_TVR Seg=-15.49 Targ=-11.83 Vel=-1.65 TVR=0.20 Thrust=0 IncAngDir=1
7385	4645	Ang	TargetIdx=-1		-15.63
7385	4645	Vel	Zero=-1	0		-13.94
7385	4645	Accel	Thrust=0 (0)	0			-12.28	-12.43
7385	4645			V=N HOLD_ANGLE_TVR Seg=-15.63 Targ=-11.83 Vel=-13.94 TVR=0.20 Thrust=2 IncAngDir=1
7395	4655	Ang	TargetIdx=53		-15.87
7395	4655	Vel	Zero=-1	0		-24.35
7395	4655	Accel	Thrust=2 (0)	0			-10.41	-12.12
7395	4655			V=N HOLD_ANGLE_TVR Seg=-15.87 Targ=-11.83 Vel=-24.35 TVR=0.20 Thrust=4 IncAngDir=1
7405	4665	Ang	TargetIdx=-1		-16.20
7405	4665	Vel	Zero=1	0		-32.17
7405	4665	Accel	Thrust=4 (0)	0			-7.82	-10.17
7405	4665			V=N HOLD_ANGLE_TVR Seg=-16.20 Targ=-11.83 Vel=-32.17 TVR=0.20 Thrust=5 IncAngDir=1
7415	4675	Ang	TargetIdx=80		-16.57
7415	4675	Vel	Zero=-1	0		-36.87
7415	4675	Accel	Thrust=5 (0)	0			-4.70	-7.65
7415	4675			V=N HOLD_ANGLE_TVR Seg=-16.57 Targ=-11.83 Vel=-36.87 TVR=0.20 Thrust=5 IncAngDir=1
7424	4684	Ang	TargetIdx=-1		-16.93
7424	4684	Vel	Zero=2	0		-36.65
7424	4684	Accel	Thrust=5 (0)	1			0.23	-4.10
7424	4684			V=N HOLD_ANGLE_TVR Seg=-16.93 Targ=-11.83 Vel=-36.65 TVR=0.20 Thrust=5 IncAngDir=1
7434	4694	Ang	TargetIdx=88		-17.27
7434	4694	Vel	Zero=-1	0		-33.60
7434	4694	Accel	Thrust=5 (0)	1			3.05	-0.48
7434	4694			V=N HOLD_ANGLE_TVR Seg=-17.27 Targ=-11.83 Vel=-33.60 TVR=0.20 Thrust=5 IncAngDir=1
7444	4704	Ang	TargetIdx=56		-17.55
7444	4704	Vel	Zero=-1	0		-28.23
7444	4704	Accel	Thrust=5 (0)	1			5.37	2.88
7444	4704			V=N HOLD_ANGLE_TVR Seg=-17.55 Targ=-11.83 Vel=-28.23 TVR=0.20 Thrust=5 IncAngDir=1
7454	4714	Ang	TargetIdx=46		-17.76
7454	4714	Vel	Zero=-1	0		-20.83
7454	4714	Accel	Thrust=5 (0)	1			7.40	5.27
7454	4714			V=N HOLD_ANGLE_TVR Seg=-17.76 Targ=-11.83 Vel=-20.83 TVR=0.20 Thrust=4 IncAngDir=1
7465	4725	Ang	TargetIdx=36		-17.85
7465	4725	Vel	Zero=-1	0		-9.22
7465	4725	Accel	Thrust=4 (0)	1			11.61	8.13
7465	4725			V=N HOLD_ANGLE_TVR Seg=-17.85 Targ=-11.83 Vel=-9.22 TVR=0.20 Thrust=1 IncAngDir=1
7474	4734			Thrust=0: V=N InRange !IsMoving
7485	4745	Ang	TargetIdx=86		-17.78
7485	4745	Vel	Zero=-1 Min=100 Max=1	1		7.00
7485	4745	Accel	Thrust=0 (0)	1			7.37	9.28
7494	4754	Ang	TargetIdx=36		-17.62
7494	4754	Vel	Zero=-1 Min=100 Max=0	1		16.16
7494	4754	Accel	Thrust=0 (0)	1			9.16	8.46
7494	4754			Dec: Targ<100 Zero>100 V=Y A=Y V>Min Need=9 ThrDirCrt=0
7505	4765	Ang	TargetIdx=26		-17.40
7505	4765	Vel	Zero=-1 Min=100 Max=0	1		21.93
7505	4765	Accel	Thrust=-1 (0)	1			5.77	7.43
7505	4765			Dec: Targ<100 Zero>100 V=Y A=Y V>Min Need=9 ThrDirCrt=0
7515	4775	Ang	TargetIdx=24		-17.18
7515	4775	Vel	Zero=-1 Min=100 Max=0	1		22.32
7515	4775	Accel	Thrust=-2 (0)	1			0.38	5.10
7515	4775			BRAKE Thrust=0 or reverse: Targ<=40 V*5>Targ
7524	4784	Ang	TargetIdx=23		-16.95
7524	4784	Vel	Zero=-1 Min=100 Max=0	1		22.90
7524	4784	Accel	Thrust=-3 (0)	1			0.59	2.25
7524	4784			BRAKE Thrust=0 or reverse: Targ<=40 V*5>Targ
7534	4794	Ang	TargetIdx=21		-16.71
7534	4794	Vel	Zero=-1 Min=100 Max=0	1		24.13
7534	4794	Accel	Thrust=-4 (0)	1			1.22	0.73
7534	4794			BRAKE Thrust=0 or reverse: Targ<=40 V*5>Targ
7544	4804	Ang	TargetIdx=19		-16.46
7544	4804	Vel	Zero=-1 Min=100 Max=0	1		25.41
7544	4804	Accel	Thrust=-5 (0)	1			1.28	1.03
7544	4804			BRAKE Thrust=0 or reverse: Targ<=40 V*5>Targ
7554	4814	Ang	TargetIdx=19		-16.22
7554	4814	Vel	Zero=11 Min=9 Max=0	1		23.26
7554	4814	Accel	Thrust=-5 (0)	0			-2.15	0.12
7554	4814			BRAKE Thrust=0 or reverse: Targ<=40 V*5>Targ
7564	4824	Ang	TargetIdx=24		-16.04
7564	4824	Vel	Zero=4 Min=3 Max=0	1		18.19
7564	4824	Accel	Thrust=-5 (0)	0			-5.06	-1.98
7564	4824			BRAKE Thrust=0 or reverse: Targ<=40 V*5>Targ
7574	4834	Ang	TargetIdx=35		-15.92
7574	4834	Vel	Zero=2 Min=2 Max=0	1		11.88
7574	4834	Accel	Thrust=-5 (0)	0			-6.31	-4.51
7584	4844	Ang	TargetIdx=-1		-15.91
7584	4844	Vel	Zero=1 Min=0 Max=100	1		1.54
7584	4844	Accel	Thrust=-5 (0)	0			-10.34	-7.24
7584	4844			STOP BRAKE & THRUST T=1: V=Y V<MinV T=N A=N
7595	4855	Ang	TargetIdx=-1		-16.00
7595	4855	Vel	Zero=1	0		-9.40
7595	4855	Accel	Thrust=1 (0)	0			-10.94	-9.20
7595	4855			V=N HOLD_ANGLE_TVR Seg=-16.00 Targ=-11.83 Vel=-9.40 TVR=0.20 Thrust=1 IncAngDir=1
7605	4865	Ang	TargetIdx=-1		-16.17
7605	4865	Vel	Zero=1	0		-16.90
7605	4865	Accel	Thrust=1 (0)	0			-7.50	-9.59
7605	4865			V=N HOLD_ANGLE_TVR Seg=-16.17 Targ=-11.83 Vel=-16.90 TVR=0.20 Thrust=3 IncAngDir=1
7615	4875	Ang	TargetIdx=-1		-16.43
7615	4875	Vel	Zero=-1	0		-25.56
7615	4875	Accel	Thrust=3 (0)	0			-8.66	-9.03
7615	4875			V=N HOLD_ANGLE_TVR Seg=-16.43 Targ=-11.83 Vel=-25.56 TVR=0.20 Thrust=5 IncAngDir=1
7625	4885	Ang	TargetIdx=60		-16.74
7625	4885	Vel	Zero=-1	0		-31.36
7625	4885	Accel	Thrust=5 (0)	0			-5.79	-7.32
7625	4885			V=N HOLD_ANGLE_TVR Seg=-16.74 Targ=-11.83 Vel=-31.36 TVR=0.20 Thrust=5 IncAngDir=1
7635	4895	Ang	TargetIdx=-1		-17.08
7635	4895	Vel	Zero=-1	0		-33.89
7635	4895	Accel	Thrust=5 (0)	0			-2.53	-5.66
7635	4895			V=N HOLD_ANGLE_TVR Seg=-17.08 Targ=-11.83 Vel=-33.89 TVR=0.20 Thrust=5 IncAngDir=1
7644	4904	Ang	TargetIdx=22		-17.39
7644	4904	Vel	Zero=-1	0		-31.35
7644	4904	Accel	Thrust=5 (0)	1			2.54	-1.93
7644	4904			V=N HOLD_ANGLE_TVR Seg=-17.39 Targ=-11.83 Vel=-31.35 TVR=0.20 Thrust=5 IncAngDir=1
7654	4914	Ang	TargetIdx=32		-17.59
7654	4914	Vel	Zero=2	0		-19.90
7654	4914	Accel	Thrust=5 (0)	1			11.45	3.82
7654	4914			V=N HOLD_ANGLE_TVR Seg=-17.59 Targ=-11.83 Vel=-19.90 TVR=0.20 Thrust=3 IncAngDir=1
7665	4925	Ang	TargetIdx=35		-17.67
7665	4925	Vel	Zero=9	0		-8.18
7665	4925	Accel	Thrust=3 (0)	1			11.72	8.57
7665	4925			V=N HOLD_ANGLE_TVR Seg=-17.67 Targ=-11.83 Vel=-8.18 TVR=0.20 Thrust=1 IncAngDir=1
7674	4934	Ang	TargetIdx=-1		-17.63
7674	4934	Vel	Zero=-1 Min=0 Max=1	1		4.18
7674	4934	Accel	Thrust=1 (0)	1			12.36	11.84
7674	4934			START BRAKE Thrust=0: V=Y MaxVFI<5 T=Y 
7685	4945	Ang	TargetIdx=37		-17.47
7685	4945	Vel	Zero=-1 Min=100 Max=0	1		15.67
7685	4945	Accel	Thrust=0 (0)	1			11.49	11.85
7685	4945			Dec: Targ<100 Zero>100 V=Y A=Y V>Min Need=9 ThrDirCrt=0
7695	4955	Ang	TargetIdx=24		-17.24
7695	4955	Vel	Zero=-1 Min=100 Max=0	1		23.23
7695	4955	Accel	Thrust=-1 (0)	1			7.56	10.47
7695	4955			BRAKE Thrust=0 or reverse: Targ<=40 V*5>Targ
7705	4965	Ang	TargetIdx=19		-16.96
7705	4965	Vel	Zero=-1 Min=100 Max=0	1		27.71
7705	4965	Accel	Thrust=-2 (0)	1			4.48	7.84
7705	4965			BRAKE Thrust=0 or reverse: Targ<=40 V*5>Targ
7715	4975	Ang	TargetIdx=17		-16.67
7715	4975	Vel	Zero=-1 Min=100 Max=0	1		29.19
7715	4975	Accel	Thrust=-3 (0)	1			1.47	4.51
7715	4975			BRAKE Thrust=0 or reverse: Targ<=40 V*5>Targ
7725	4985	Ang	TargetIdx=18		-16.41
7725	4985	Vel	Zero=8 Min=7 Max=0	1		25.88
7725	4985	Accel	Thrust=-4 (0)	0			-3.31	0.88
7725	4985			BRAKE Thrust=0 or reverse: Targ<=40 V*5>Targ
7735	4995	Ang	TargetIdx=24		-16.22
7735	4995	Vel	Zero=3 Min=3 Max=0	1		19.06
7735	4995	Accel	Thrust=-5 (0)	0			-6.82	-2.89
7735	4995			BRAKE Thrust=0 or reverse: Targ<=40 V*5>Targ
